CustomerID,Recency,Frequency,Monetary,Cluster
2.0,4,63,553704.0,0
3.0,77,18,257404.0,0
4.0,20,10,176613.0,0
5.0,18,7,41976.0,0
6.0,9,42,151822.0,0
7.0,208,4,9410.0,0
8.0,234,10,135550.0,0
9.0,15,7,65832.0,0
10.0,16,22,331601.0,0
11.0,9,10,771439.0,4
12.0,2,11,105674.0,0
13.0,14,42,705406.0,4
14.0,53,29,281630.0,0
15.0,170,6,21630.0,0
16.0,4,84,578591.0,0
17.0,16,16,78378.0,0
18.0,8,30,205212.0,0
19.0,292,9,41055.0,0
20.0,6,8,23537.0,0
21.0,17,31,469518.0,0
22.0,10,10,182448.0,0
23.0,15,28,163883.0,0
24.0,48,9,42424.0,0
25.0,26,10,76012.0,0
26.0,4,11,47361.0,0
27.0,171,20,200342.0,0
28.0,12,10,518776.0,0
29.0,74,18,93618.0,0
30.0,14,34,295952.0,0
31.0,34,27,178765.0,0
32.0,14,38,235678.0,0
33.0,9,18,45460.0,0
34.0,141,8,57670.0,0
35.0,18,42,356353.0,0
36.0,81,9,68598.0,0
37.0,22,10,60518.0,0
38.0,16,30,201327.0,0
39.0,15,12,148768.0,0
40.0,9,79,384183.0,0
41.0,9,20,287355.0,0
42.0,50,10,215492.0,0
43.0,15,29,158398.0,0
44.0,48,3,7278.0,0
45.0,324,6,25584.0,0
46.0,52,4,42252.0,0
47.0,149,10,178467.0,0
48.0,14,23,415792.0,0
49.0,13,34,222570.0,0
50.0,9,41,329075.0,0
51.0,14,22,1383334.0,4
52.0,18,12,59636.0,0
53.0,81,23,157322.0,0
54.0,10,20,80491.0,0
55.0,15,11,57781.0,0
56.0,10,108,14357682.0,1
57.0,4,79,384550.0,0
58.0,113,10,86360.0,0
59.0,10,9,80913.0,0
60.0,22,29,87913.0,0
61.0,11,25,91062.0,0
62.0,3,60,227879.0,0
63.0,74,10,200188.0,0
64.0,81,10,97807.0,0
65.0,136,10,62672.0,0
66.0,10,19,95512.0,0
67.0,12,55,800248.0,4
68.0,69,37,407444.0,0
69.0,50,8,27584.0,0
70.0,9,94,784562.0,4
71.0,50,20,526849.0,0
72.0,1,56,1870543.0,4
73.0,85,20,94388.0,0
74.0,81,14,896714.0,4
75.0,102,7,52453.0,0
76.0,3,90,560583.0,0
77.0,20,19,304853.0,0
78.0,367,7,21144.0,0
79.0,4,6,21598.0,0
80.0,12,46,465037.0,0
81.0,25,3,9948.0,0
82.0,58,10,117966.0,0
83.0,16,10,53855.0,0
84.0,50,9,48432.0,0
85.0,11,39,435921.0,0
86.0,74,5,26814.0,0
87.0,10,48,1230748.0,4
88.0,20,10,41312.0,0
89.0,142,10,95624.0,0
90.0,54,10,372796.0,0
91.0,13,34,335450.0,0
92.0,50,33,327927.0,0
93.0,12,23,243774.0,0
94.0,78,17,108842.0,0
95.0,13,10,76450.0,0
96.0,3,28,117356.0,0
97.0,54,37,160470.0,0
98.0,25,19,99624.0,0
99.0,20,20,87593.0,0
100.0,14,18,85253.0,0
101.0,3,183,1966954.0,4
102.0,9,92,779735.0,4
103.0,44,33,384317.0,0
104.0,10,134,887812.0,4
105.0,54,10,95322.0,0
106.0,2,97,694331.0,4
107.0,10,63,1486990.0,4
108.0,4,9,68029.0,0
109.0,5,13,57316.0,0
110.0,9,40,375459.0,0
111.0,10,68,672616.0,4
112.0,14,41,244819.0,0
113.0,9,43,503434.0,0
114.0,69,24,155349.0,0
115.0,49,7,35243.0,0
116.0,6,87,631870.0,4
117.0,39,8,57912.0,0
118.0,10,13,32436.0,0
119.0,75,14,50882.0,0
120.0,20,43,135114.0,0
121.0,82,7,162800.0,0
122.0,22,13,41174.0,0
123.0,19,43,540722.0,0
124.0,19,15,270830.0,0
125.0,11,44,335427.0,0
127.0,9,9,42741.0,0
129.0,234,9,8398.0,0
130.0,135,15,131175.0,0
131.0,9,13,53515.0,0
132.0,170,4,17688.0,0
133.0,145,13,100745.0,0
134.0,10,10,18915.0,0
135.0,93,11,76730.0,0
136.0,268,10,125408.0,0
137.0,354,8,35685.0,0
138.0,82,15,160118.0,0
139.0,9,39,297430.0,0
140.0,1,46,253627.0,0
141.0,40,7,35580.0,0
142.0,17,45,306391.0,0
143.0,143,10,68427.0,0
144.0,52,8,29723.0,0
145.0,2,64,207780.0,0
146.0,10,61,593226.0,0
147.0,1,26,151615.0,0
148.0,86,13,46012.0,0
149.0,10,48,203457.0,0
150.0,10,34,186878.0,0
151.0,20,8,14983.0,0
152.0,9,7,38806.0,0
153.0,42,10,131589.0,0
154.0,11,15,85411.0,0
155.0,8,16,557829.0,0
156.0,9,9,45271.0,0
157.0,19,39,662579.0,4
158.0,9,146,1491137.0,4
159.0,9,24,119829.0,0
160.0,9,9,34946.0,0
161.0,81,20,109849.0,0
162.0,50,19,132026.0,0
163.0,17,4,21996.0,0
164.0,173,4,8088.0,0
165.0,81,10,111488.0,0
166.0,358,6,21970.0,0
167.0,70,9,38249.0,0
168.0,13,78,418819.0,0
169.0,13,20,78463.0,0
170.0,21,18,544128.0,0
171.0,2,12,476.0,0
172.0,48,11,63704.0,0
173.0,6,25,239055.0,0
174.0,48,8,29545.0,0
175.0,12,60,426744.0,0
176.0,264,7,46932.0,0
177.0,170,8,16711.0,0
178.0,87,10,43032.0,0
179.0,11,75,1030421.0,4
180.0,4,93,400772.0,0
181.0,12,16,80348.0,0
182.0,38,20,110307.0,0
183.0,198,10,19601.0,0
184.0,171,5,21914.0,0
185.0,9,41,179047.0,0
186.0,9,20,85632.0,0
187.0,22,24,300219.0,0
188.0,81,10,50682.0,0
189.0,16,10,48818.0,0
190.0,70,8,26300.0,0
191.0,200,13,49548.0,0
192.0,3,120,929097.0,4
193.0,6,72,197570.0,0
194.0,19,28,246143.0,0
195.0,20,9,19943.0,0
196.0,38,2,11840.0,0
197.0,70,6,19257.0,0
198.0,9,15,72872.0,0
199.0,75,12,1125862.0,4
200.0,232,9,48876.0,0
201.0,11,11,56894.0,0
202.0,12,14,49189.0,0
203.0,12,51,406263.0,0
204.0,16,18,73777.0,0
205.0,9,41,417374.0,0
206.0,15,57,376917.0,0
207.0,9,36,136620.0,0
208.0,9,43,266897.0,0
209.0,18,20,60719.0,0
210.0,60,7,22148.0,0
211.0,25,1,66584.0,0
212.0,81,10,32404.0,0
213.0,368,3,-968.0,0
214.0,10,12,-1884.0,0
215.0,14,26,128931.0,0
216.0,12,39,219123.0,0
217.0,53,10,163374.0,0
218.0,59,11,72347.0,0
219.0,32,35,376098.0,0
220.0,17,9,35371.0,0
221.0,3,38,273666.0,0
222.0,11,17,70292.0,0
223.0,9,10,45614.0,0
224.0,22,6,17462.0,0
225.0,20,54,459860.0,0
226.0,20,30,192194.0,0
227.0,2,141,1575067.0,4
228.0,234,7,19714.0,0
229.0,47,8,34377.0,0
230.0,111,17,74810.0,0
231.0,79,23,304722.0,0
232.0,10,80,736038.0,4
233.0,10,60,547037.0,0
234.0,5,23,92558.0,0
235.0,50,19,133115.0,0
236.0,58,9,59362.0,0
237.0,42,35,253139.0,0
238.0,11,19,207962.0,0
239.0,10,61,743599.0,4
240.0,9,10,83074.0,0
241.0,239,9,45669.0,0
242.0,25,17,111655.0,0
243.0,116,7,17803.0,0
244.0,27,24,117382.0,0
245.0,12,13,291394.0,0
246.0,12,10,67129.0,0
247.0,9,34,209838.0,0
248.0,5,19,182772.0,0
249.0,11,58,388494.0,0
250.0,13,8,35705.0,0
251.0,15,18,77556.0,0
252.0,4,9,35984.0,0
253.0,19,5,16065.0,0
254.0,329,11,100783.0,0
255.0,149,19,266350.0,0
256.0,39,22,65543.0,0
257.0,20,46,444165.0,0
258.0,20,19,167004.0,0
259.0,20,10,77407.0,0
260.0,31,4,11160.0,0
261.0,20,7,30294.0,0
262.0,1,87,454691.0,0
263.0,36,22,511104.0,0
264.0,333,2,6115.0,0
266.0,59,9,70122.0,0
267.0,20,42,385430.0,0
268.0,151,19,200790.0,0
269.0,9,45,349024.0,0
270.0,331,5,26968.0,0
271.0,6,20,76200.0,0
272.0,11,37,239292.0,0
273.0,12,28,147640.0,0
274.0,14,60,2006852.0,4
275.0,47,19,116921.0,0
276.0,1,29,97967.0,0
277.0,9,167,1602166.0,4
278.0,4,178,1396584.0,4
279.0,5,105,971455.0,4
280.0,10,46,323115.0,0
281.0,9,42,329227.0,0
282.0,434,4,11570.0,0
283.0,114,10,631238.0,4
284.0,12,20,148131.0,0
285.0,206,8,39598.0,0
286.0,36,19,114558.0,0
287.0,73,24,80460.0,0
288.0,14,17,103693.0,0
289.0,38,19,69255.0,0
290.0,25,22,99498.0,0
291.0,8,39,614008.0,4
292.0,16,19,100749.0,0
293.0,20,9,23052.0,0
294.0,67,9,32750.0,0
295.0,9,46,235070.0,0
296.0,13,78,840450.0,4
297.0,292,10,72796.0,0
298.0,9,88,293643.0,0
299.0,8,124,1100565.0,4
300.0,11,24,144377.0,0
301.0,14,80,425558.0,0
302.0,1,9,106928.0,0
303.0,69,49,575673.0,0
304.0,111,8,37608.0,0
305.0,4,20,131467.0,0
306.0,16,18,110145.0,0
307.0,81,9,32715.0,0
308.0,6,18,72584.0,0
309.0,3,158,741462.0,4
310.0,9,58,333013.0,0
311.0,90,25,119797.0,0
312.0,4,23,91023.0,0
313.0,7,27,115089.0,0
314.0,372,9,43142.0,0
315.0,9,55,390149.0,0
316.0,14,50,441734.0,0
317.0,19,28,91772.0,0
318.0,114,10,55630.0,0
319.0,15,91,2307074.0,4
320.0,180,6,26680.0,0
321.0,235,9,43360.0,0
322.0,356,3,17596.0,0
323.0,49,17,87299.0,0
324.0,333,3,24024.0,0
325.0,373,9,21355.0,0
326.0,41,10,122634.0,0
327.0,10,10,62408.0,0
328.0,142,10,67823.0,0
329.0,16,39,1189651.0,4
330.0,3,68,479956.0,0
331.0,1,315,4410721.0,2
332.0,4,55,467678.0,0
333.0,12,7,33848.0,0
334.0,82,10,561920.0,0
335.0,6,71,2670808.0,4
336.0,18,24,613410.0,4
337.0,78,3,1956.0,0
338.0,87,4,21072.0,0
339.0,10,53,549597.0,0
340.0,17,20,375967.0,0
341.0,17,30,178480.0,0
342.0,8,19,226818.0,0
343.0,142,11,62484.0,0
344.0,201,10,186675.0,0
345.0,4,68,822597.0,4
346.0,239,10,132446.0,0
347.0,212,7,178814.0,0
348.0,10,10,103103.0,0
349.0,20,37,166300.0,0
350.0,10,30,117303.0,0
351.0,9,62,481643.0,0
352.0,25,19,87962.0,0
353.0,5,45,236466.0,0
354.0,3,33,161072.0,0
355.0,20,10,67068.0,0
356.0,38,8,30431.0,0
357.0,11,13,57822.0,0
358.0,10,2,7771.0,0
359.0,75,9,38140.0,0
360.0,434,1,27360.0,0
361.0,169,10,45942.0,0
362.0,49,13,63051.0,0
363.0,11,20,116840.0,0
364.0,20,8,34491.0,0
365.0,365,10,19676.0,0
366.0,173,4,267792.0,0
367.0,14,10,51026.0,0
368.0,44,15,55433.0,0
369.0,178,10,48459.0,0
370.0,108,13,57589.0,0
371.0,50,7,32596.0,0
372.0,133,1,11952.0,0
373.0,149,19,106741.0,0
374.0,11,16,51582.0,0
375.0,47,3,15336.0,0
376.0,183,11,146605.0,0
377.0,4,31,130678.0,0
378.0,15,5,12198.0,0
379.0,88,16,121896.0,0
380.0,129,5,187830.0,0
381.0,10,9,51028.0,0
382.0,3,47,195057.0,0
383.0,35,15,56419.0,0
384.0,6,35,125062.0,0
385.0,49,10,47178.0,0
386.0,43,20,1021983.0,4
387.0,264,5,28791.0,0
388.0,33,15,48021.0,0
389.0,146,9,49573.0,0
390.0,17,7,37240.0,0
391.0,10,38,315762.0,0
392.0,174,6,14774.0,0
393.0,9,20,86503.0,0
394.0,3,126,752205.0,4
395.0,14,41,350832.0,0
396.0,5,180,528614.0,0
397.0,18,18,140634.0,0
398.0,13,46,204607.0,0
399.0,9,19,39466.0,0
400.0,261,14,43628.0,0
401.0,23,10,127997.0,0
402.0,9,17,134920.0,0
403.0,11,10,18150.0,0
404.0,261,12,37857.0,0
405.0,79,34,225769.0,0
406.0,81,29,159767.0,0
407.0,373,2,4728.0,0
408.0,8,56,275408.0,0
409.0,18,17,123904.0,0
410.0,54,5,59198.0,0
411.0,142,3,31152.0,0
412.0,12,21,199993.0,0
413.0,47,10,59304.0,0
414.0,11,70,623764.0,4
415.0,14,49,208612.0,0
416.0,368,2,-1636.0,0
417.0,85,8,44518.0,0
418.0,327,20,73421.0,0
419.0,17,4,44744.0,0
420.0,150,1,30846.0,0
421.0,58,20,308777.0,0
422.0,4,67,214162.0,0
423.0,28,20,113532.0,0
424.0,11,10,69640.0,0
425.0,78,6,30694.0,0
426.0,36,9,156624.0,0
427.0,11,17,78180.0,0
428.0,89,6,32195.0,0
429.0,10,20,153254.0,0
430.0,10,22,173583.0,0
431.0,76,6,35792.0,0
432.0,25,10,49953.0,0
433.0,14,3,76050.0,0
434.0,9,10,23974.0,0
435.0,52,12,45041.0,0
436.0,205,4,27084.0,0
437.0,20,80,1288884.0,4
438.0,267,6,17244.0,0
439.0,20,20,67161.0,0
440.0,20,20,373610.0,0
441.0,171,2,132600.0,0
442.0,70,35,279320.0,0
443.0,25,41,393252.0,0
444.0,7,18,197798.0,0
445.0,5,30,314931.0,0
446.0,149,15,39997.0,0
447.0,142,39,351763.0,0
448.0,42,2,68520.0,0
449.0,9,35,164479.0,0
450.0,20,9,23752.0,0
451.0,8,180,2109710.0,4
452.0,43,9,53858.0,0
453.0,10,10,20657.0,0
454.0,47,21,113008.0,0
455.0,5,18,90726.0,0
456.0,9,39,297164.0,0
457.0,48,7,12185.0,0
458.0,81,16,54586.0,0
459.0,10,43,3224042.0,4
460.0,25,27,82963.0,0
461.0,3,56,307098.0,0
462.0,20,20,134922.0,0
463.0,20,35,200553.0,0
464.0,27,4,19458.0,0
465.0,10,31,1406976.0,4
466.0,55,20,106069.0,0
467.0,73,23,77673.0,0
468.0,306,1,-398.0,0
469.0,9,14,73898.0,0
470.0,200,9,56428.0,0
471.0,14,47,212061.0,0
472.0,10,53,266373.0,0
473.0,9,52,540272.0,0
474.0,3,15,235382.0,0
475.0,69,37,127383.0,0
476.0,6,26,170687.0,0
477.0,69,9,38045.0,0
478.0,2,80,662489.0,4
479.0,18,10,12774.0,0
480.0,5,68,516132.0,0
481.0,8,11,34125.0,0
482.0,22,44,231113.0,0
483.0,11,10,94209.0,0
484.0,99,6,19526.0,0
485.0,5,20,138822.0,0
486.0,113,4,17062.0,0
487.0,8,17,60410.0,0
488.0,5,180,1605069.0,4
489.0,203,7,15351.0,0
490.0,212,9,106980.0,0
491.0,43,8,4438.0,0
492.0,18,17,757205.0,4
493.0,9,11,52852.0,0
494.0,16,11,51025.0,0
495.0,21,4,10454.0,0
496.0,1,21,216002.0,0
497.0,81,18,68861.0,0
498.0,295,10,60365.0,0
499.0,6,51,687959.0,4
500.0,14,11,48380.0,0
501.0,24,16,70444.0,0
502.0,12,18,53197.0,0
503.0,5,32,110728.0,0
504.0,82,5,25659.0,0
505.0,23,33,152872.0,0
506.0,16,14,63967.0,0
507.0,260,16,69528.0,0
508.0,6,100,1298316.0,4
509.0,293,6,16994.0,0
510.0,155,5,19676.0,0
511.0,9,156,793775.0,4
512.0,16,16,55780.0,0
513.0,57,3,10097.0,0
514.0,324,9,27693.0,0
515.0,434,3,5701.0,0
516.0,15,51,170464.0,0
517.0,3,87,578459.0,0
518.0,6,71,383127.0,0
519.0,16,34,425084.0,0
520.0,12,19,105968.0,0
521.0,69,1,23040.0,0
522.0,9,163,1008838.0,4
523.0,5,66,333042.0,0
524.0,10,16,70742.0,0
525.0,2,29,180606.0,0
526.0,119,16,834000.0,4
527.0,23,21,104566.0,0
528.0,35,7,132814.0,0
529.0,20,20,100562.0,0
530.0,53,24,116086.0,0
531.0,358,6,24175.0,0
532.0,55,13,82142.0,0
533.0,58,17,124504.0,0
534.0,15,27,109939.0,0
535.0,44,18,108902.0,0
536.0,9,16,88356.0,0
537.0,199,6,62905.0,0
538.0,292,10,75834.0,0
539.0,41,7,41435.0,0
540.0,9,14,75897.0,0
541.0,12,81,386725.0,0
542.0,20,38,244378.0,0
543.0,10,11,82962.0,0
544.0,12,138,756477.0,4
545.0,15,9,46836.0,0
546.0,15,21,166730.0,0
547.0,13,8,29432.0,0
548.0,16,7,20052.0,0
549.0,107,8,35544.0,0
550.0,81,7,29825.0,0
551.0,44,8,43666.0,0
552.0,13,29,134493.0,0
553.0,403,7,23751.0,0
554.0,9,15,60051.0,0
555.0,83,9,13569.0,0
556.0,161,2,48200.0,0
557.0,1,144,599189.0,0
558.0,105,5,29490.0,0
559.0,268,4,20586.0,0
560.0,12,9,111700.0,0
561.0,2,27,106117.0,0
562.0,2,184,1497897.0,4
563.0,8,6,25582.0,0
564.0,183,5,12288.0,0
565.0,2,97,3798089.0,2
566.0,12,42,482302.0,0
567.0,6,11,40408.0,0
568.0,74,22,29201.0,0
569.0,5,327,7408035.0,2
570.0,9,82,995305.0,4
571.0,9,10,53203.0,0
572.0,71,21,57083.0,0
573.0,17,60,972397.0,4
574.0,13,25,268779.0,0
575.0,71,6,16392.0,0
576.0,9,86,715121.0,4
577.0,2,180,3654272.0,2
578.0,286,1,39456.0,0
579.0,239,6,16092.0,0
580.0,5,144,842101.0,4
581.0,100,5,29308.0,0
582.0,6,16,136536.0,0
583.0,165,2,7208.0,0
584.0,19,31,215386.0,0
585.0,373,5,52288.0,0
586.0,10,22,102302.0,0
587.0,9,55,164243.0,0
588.0,1,145,1074717.0,4
589.0,14,37,302316.0,0
590.0,126,10,59924.0,0
591.0,17,48,143247.0,0
592.0,20,33,127802.0,0
593.0,246,1,4212.0,0
594.0,270,10,36030.0,0
595.0,133,11,122263.0,0
596.0,11,30,490319.0,0
597.0,5,64,313317.0,0
598.0,83,7,32308.0,0
599.0,98,2,8280.0,0
600.0,14,23,131413.0,0
601.0,268,2,9126.0,0
602.0,79,5,12965.0,0
603.0,14,33,223594.0,0
605.0,15,44,314542.0,0
606.0,9,80,476564.0,0
607.0,24,36,124103.0,0
608.0,9,51,626091.0,4
609.0,111,22,52298.0,0
610.0,45,39,314496.0,0
611.0,20,10,41122.0,0
612.0,333,3,12651.0,0
613.0,41,7,68524.0,0
614.0,27,8,32337.0,0
615.0,36,4,74760.0,0
616.0,9,80,422442.0,0
617.0,20,37,235562.0,0
618.0,211,11,146312.0,0
619.0,7,8,69282.0,0
621.0,9,28,122707.0,0
622.0,50,34,250304.0,0
623.0,11,37,155801.0,0
624.0,38,37,193802.0,0
625.0,24,4,11140.0,0
626.0,109,5,12868.0,0
627.0,12,28,247744.0,0
628.0,50,15,170950.0,0
629.0,47,10,51979.0,0
630.0,10,31,123152.0,0
631.0,9,35,165057.0,0
632.0,40,9,84480.0,0
633.0,27,9,19853.0,0
634.0,22,24,53427.0,0
635.0,5,16,47669.0,0
636.0,20,30,357322.0,0
637.0,50,10,74846.0,0
638.0,40,8,32082.0,0
639.0,9,96,765330.0,4
640.0,52,7,24002.0,0
641.0,13,53,499138.0,0
642.0,13,66,237520.0,0
643.0,271,1,7248.0,0
644.0,11,30,196820.0,0
645.0,19,10,26919.0,0
646.0,20,2,12186.0,0
647.0,21,17,61660.0,0
648.0,11,19,126061.0,0
649.0,10,10,14015.0,0
650.0,142,2,8028.0,0
651.0,20,27,239038.0,0
652.0,12,59,469954.0,0
653.0,6,87,1320064.0,4
654.0,12,21,113940.0,0
655.0,12,30,128322.0,0
656.0,22,8,34464.0,0
657.0,10,46,159020.0,0
658.0,9,58,781058.0,4
659.0,11,10,47372.0,0
660.0,11,18,164951.0,0
661.0,10,21,93945.0,0
662.0,12,37,228466.0,0
663.0,272,3,46468.0,0
664.0,73,5,66230.0,0
665.0,73,4,10088.0,0
666.0,45,15,89601.0,0
667.0,241,20,95565.0,0
668.0,205,5,21256.0,0
669.0,10,20,285833.0,0
670.0,4,24,805712.0,4
671.0,17,7,13306.0,0
672.0,203,6,31091.0,0
673.0,84,2,43800.0,0
674.0,137,7,19720.0,0
675.0,5,122,363417.0,0
676.0,11,66,167592.0,0
677.0,19,17,107940.0,0
678.0,15,10,126192.0,0
679.0,26,20,92962.0,0
680.0,22,22,77092.0,0
681.0,264,9,49778.0,0
682.0,11,33,81157.0,0
683.0,114,11,34020.0,0
684.0,204,10,73521.0,0
685.0,11,10,13856.0,0
686.0,51,8,47933.0,0
687.0,20,47,274541.0,0
688.0,23,14,68532.0,0
689.0,14,15,58820.0,0
690.0,11,11,102696.0,0
691.0,13,16,189436.0,0
692.0,38,11,49603.0,0
694.0,20,21,84236.0,0
695.0,10,10,35487.0,0
696.0,62,5,64478.0,0
697.0,200,7,106684.0,0
698.0,264,6,25323.0,0
699.0,2,235,990656.0,4
700.0,14,43,290524.0,0
701.0,9,105,595203.0,0
702.0,3,112,539051.0,0
703.0,15,92,507500.0,0
704.0,4,113,713660.0,4
705.0,372,1,59200.0,0
706.0,9,10,27886.0,0
707.0,9,11,30719.0,0
708.0,114,8,19557.0,0
709.0,10,13,66685.0,0
710.0,20,8,33994.0,0
711.0,50,10,79793.0,0
712.0,10,8,15505.0,0
713.0,19,26,108465.0,0
714.0,15,24,118325.0,0
715.0,10,7,13802.0,0
716.0,323,8,23856.0,0
717.0,24,39,375667.0,0
718.0,13,9,47935.0,0
719.0,39,17,72750.0,0
720.0,14,20,112077.0,0
721.0,362,7,22749.0,0
722.0,142,5,12246.0,0
723.0,8,23,256847.0,0
724.0,3,2,38352.0,0
725.0,270,3,15960.0,0
726.0,173,9,47291.0,0
727.0,13,36,77434.0,0
728.0,43,1,6745.0,0
729.0,322,8,41429.0,0
730.0,5,53,261766.0,0
731.0,12,1,1800.0,0
732.0,14,25,165757.0,0
733.0,8,42,224304.0,0
734.0,9,29,133103.0,0
735.0,6,12,75785.0,0
736.0,9,42,199013.0,0
737.0,2,32,86092.0,0
738.0,9,33,762070.0,4
739.0,10,42,261080.0,0
740.0,4,14,79626.0,0
741.0,6,168,1299160.0,4
742.0,15,31,204673.0,0
743.0,87,8,80554.0,0
744.0,20,10,24036.0,0
745.0,4,16,86097.0,0
746.0,11,39,932158.0,4
747.0,83,5,79199.0,0
748.0,39,52,438015.0,0
749.0,232,9,167132.0,0
750.0,9,14,94751.0,0
751.0,11,22,147831.0,0
752.0,20,9,44904.0,0
753.0,14,30,444059.0,0
754.0,81,10,109009.0,0
755.0,13,9,52082.0,0
756.0,203,10,102117.0,0
757.0,17,44,1312740.0,4
758.0,264,10,94336.0,0
759.0,174,12,38705.0,0
760.0,10,20,305114.0,0
761.0,47,11,44919.0,0
762.0,101,6,43908.0,0
763.0,10,7,30222.0,0
764.0,20,9,34641.0,0
765.0,20,19,105324.0,0
766.0,10,6,43739.0,0
767.0,8,12,55324.0,0
768.0,81,10,101099.0,0
769.0,12,10,81014.0,0
770.0,81,9,96965.0,0
771.0,199,10,75669.0,0
772.0,269,10,57472.0,0
773.0,10,9,50573.0,0
774.0,5,41,378356.0,0
775.0,20,18,133168.0,0
776.0,40,10,-294.0,0
777.0,9,22,277896.0,0
778.0,52,1,19584.0,0
779.0,110,10,76299.0,0
780.0,355,11,33835.0,0
781.0,371,11,89075.0,0
782.0,11,10,46523.0,0
783.0,10,30,422254.0,0
784.0,88,11,101231.0,0
785.0,41,26,123629.0,0
786.0,10,27,92116.0,0
787.0,9,60,464656.0,0
788.0,47,7,29465.0,0
789.0,9,56,529301.0,0
790.0,330,9,68814.0,0
791.0,73,10,76302.0,0
792.0,21,26,105251.0,0
793.0,81,8,67356.0,0
794.0,204,1,6044.0,0
795.0,2,74,350958.0,0
796.0,14,10,47450.0,0
797.0,9,20,161123.0,0
798.0,19,25,177729.0,0
799.0,75,8,63839.0,0
800.0,42,17,86108.0,0
801.0,21,2,10860.0,0
802.0,6,7,30336.0,0
803.0,81,15,66206.1,0
804.0,3,235,3594149.0,2
805.0,26,25,120775.0,0
806.0,111,9,24307.0,0
807.0,104,12,229993.0,0
808.0,51,13,76604.0,0
809.0,5,15,71264.0,0
810.0,10,106,789498.0,4
811.0,10,7,35250.0,0
812.0,151,8,18046.0,0
813.0,50,20,244776.0,0
814.0,10,11,324717.0,0
815.0,111,28,221325.0,0
816.0,1,80,462629.0,0
817.0,12,19,97152.0,0
818.0,20,10,29371.0,0
819.0,10,33,175463.0,0
820.0,20,21,100073.0,0
821.0,40,17,160208.0,0
822.0,11,10,69336.0,0
823.0,6,53,495801.0,0
824.0,3,5,23428.0,0
825.0,9,51,407797.0,0
826.0,138,10,38559.0,0
827.0,11,7,38360.0,0
828.0,9,20,140472.0,0
829.0,15,48,427196.0,0
830.0,24,8,38759.0,0
831.0,11,44,289773.0,0
832.0,12,50,409209.0,0
833.0,269,2,59093.0,0
834.0,166,11,42714.0,0
835.0,25,23,118623.0,0
836.0,10,39,211462.0,0
837.0,8,136,1229212.0,4
838.0,9,11,33275.0,0
839.0,39,19,202618.0,0
840.0,14,7,16960.0,0
841.0,59,10,85845.0,0
842.0,14,10,45012.0,0
843.0,9,19,139254.0,0
844.0,3,177,695046.0,4
845.0,72,7,20740.0,0
846.0,4,31,333016.0,0
847.0,10,14,58370.0,0
848.0,237,10,30069.0,0
849.0,15,32,195048.0,0
850.0,17,21,141877.0,0
851.0,58,39,193474.0,0
852.0,204,9,33209.0,0
853.0,51,37,239767.0,0
854.0,234,8,25433.0,0
855.0,10,7,22148.0,0
856.0,242,5,34390.0,0
857.0,234,9,58653.0,0
858.0,12,24,142258.0,0
859.0,15,22,76621.0,0
860.0,12,117,1121291.0,4
861.0,13,13,65704.0,0
862.0,16,59,168444.0,0
863.0,43,20,146716.0,0
864.0,278,4,67141.0,0
865.0,48,9,39471.0,0
866.0,9,34,239729.0,0
867.0,99,16,80087.0,0
868.0,17,14,41168.0,0
869.0,9,32,182258.0,0
870.0,9,28,141930.0,0
871.0,200,11,160578.0,0
872.0,22,9,42180.0,0
873.0,81,9,32445.0,0
874.0,10,9,38053.0,0
875.0,10,48,475139.0,0
876.0,171,15,61859.0,0
877.0,4,36,332019.0,0
878.0,16,8,12483.0,0
879.0,38,30,151305.0,0
880.0,2,41,251195.0,0
881.0,264,7,30664.0,0
882.0,42,6,26526.0,0
883.0,81,2,18004.0,0
884.0,16,32,119435.0,0
885.0,23,19,193809.0,0
886.0,10,30,279585.0,0
887.0,86,10,87576.0,0
888.0,52,6,12526.0,0
889.0,14,45,366730.0,0
890.0,2,19,148043.0,0
891.0,31,4,14824.0,0
892.0,9,43,469272.0,0
893.0,45,22,84999.0,0
894.0,21,5,77516.0,0
895.0,9,53,316895.0,0
896.0,81,11,34896.0,0
897.0,207,11,56756.0,0
898.0,9,10,27056.0,0
899.0,14,19,37277.0,0
900.0,3,142,699846.0,4
901.0,3,50,447227.0,0
902.0,17,21,136670.0,0
903.0,18,22,74956.0,0
904.0,70,20,35986.0,0
905.0,20,29,80303.0,0
906.0,11,20,92920.0,0
907.0,16,37,112297.0,0
908.0,293,4,9795.0,0
909.0,10,69,422719.0,0
910.0,81,19,557387.0,0
911.0,9,19,87105.0,0
912.0,6,36,80312.0,0
913.0,8,9,20514.0,0
914.0,45,7,20097.0,0
915.0,16,28,223467.0,0
916.0,85,18,88330.0,0
917.0,355,20,154749.0,0
918.0,19,18,31788.0,0
919.0,50,20,114732.0,0
920.0,174,10,23149.0,0
921.0,20,19,44882.0,0
922.0,16,9,32256.0,0
923.0,10,103,301260.0,0
924.0,206,9,166045.0,0
925.0,52,9,37730.0,0
926.0,25,31,100339.0,0
927.0,11,90,816798.0,4
928.0,26,35,204024.0,0
929.0,20,13,55581.0,0
930.0,18,7,12830.0,0
931.0,13,10,118173.0,0
932.0,18,8,16574.0,0
933.0,9,8,78156.0,0
934.0,9,71,368244.0,0
935.0,20,15,42546.0,0
936.0,20,48,287131.0,0
937.0,40,24,137007.0,0
938.0,15,11,28848.0,0
939.0,19,38,243448.0,0
940.0,53,9,55811.0,0
941.0,6,16,89523.0,0
942.0,50,10,20354.0,0
943.0,4,101,665586.0,4
944.0,79,9,36152.0,0
945.0,50,20,98032.0,0
946.0,10,8,54495.0,0
947.0,27,10,24371.0,0
948.0,16,16,39255.0,0
949.0,50,10,80295.0,0
950.0,14,69,136525.0,0
951.0,11,28,157264.0,0
952.0,11,37,185589.0,0
953.0,79,10,48896.0,0
954.0,50,23,69579.0,0
955.0,175,5,31318.0,0
956.0,117,9,39003.0,0
957.0,9,39,82862.0,0
958.0,46,9,36916.0,0
959.0,60,38,226622.0,0
960.0,19,39,982153.0,4
961.0,6,41,273371.0,0
962.0,102,11,236710.0,0
963.0,16,44,259986.0,0
964.0,9,48,196569.0,0
965.0,10,10,140524.0,0
966.0,9,34,124560.0,0
967.0,14,25,101468.0,0
968.0,21,5,18081.0,0
969.0,81,10,144944.0,0
970.0,15,10,44292.0,0
971.0,11,19,64182.0,0
972.0,20,41,359523.0,0
973.0,121,3,35050.0,0
974.0,40,32,216898.0,0
975.0,169,14,41181.0,0
976.0,10,41,221620.0,0
977.0,131,5,10773.0,0
978.0,51,25,137507.0,0
979.0,16,47,380221.0,0
980.0,115,19,125963.0,0
981.0,19,19,64870.0,0
982.0,130,13,45773.0,0
983.0,69,31,312014.0,0
984.0,203,22,205115.0,0
985.0,15,30,113316.0,0
986.0,180,6,23450.0,0
987.0,40,8,10361.0,0
988.0,150,10,38604.0,0
989.0,3,181,813765.0,4
990.0,51,9,32918.0,0
991.0,81,10,49196.0,0
992.0,18,11,1114.0,0
993.0,9,20,46210.0,0
994.0,13,16,64644.0,0
995.0,152,9,68568.0,0
996.0,2,33,398404.0,0
997.0,10,30,102345.0,0
998.0,14,2,6302.0,0
999.0,108,10,8611.0,0
1000.0,4,18,263771.0,0
1001.0,183,7,10575.0,0
1002.0,10,5,111008.0,0
1003.0,10,6,19737.0,0
1004.0,25,22,208972.0,0
1005.0,327,4,-3470.0,0
1006.0,5,211,9351019.0,2
1007.0,9,61,329089.0,0
1008.0,39,7,23415.0,0
1009.0,13,9,32972.0,0
1010.0,11,58,343530.0,0
1011.0,326,1,10050.0,0
1012.0,7,54,300960.0,0
1013.0,8,17,91646.0,0
1014.0,18,9,44267.0,0
1015.0,171,17,98208.0,0
1016.0,272,10,46103.0,0
1017.0,4,82,793704.0,4
1018.0,9,3,25044.0,0
1019.0,15,9,31803.0,0
1020.0,16,9,42674.0,0
1021.0,19,36,135009.0,0
1022.0,270,10,18037.0,0
1023.0,9,46,233202.0,0
1024.0,77,10,42935.0,0
1025.0,20,33,133651.0,0
1026.0,107,25,101464.0,0
1027.0,9,9,67663.0,0
1028.0,17,21,306071.0,0
1029.0,45,5,22258.0,0
1030.0,18,50,211244.0,0
1031.0,39,17,169880.0,0
1032.0,9,10,42231.0,0
1033.0,9,38,124411.0,0
1034.0,43,19,94918.0,0
1035.0,15,20,73505.0,0
1036.0,9,10,71265.0,0
1037.0,25,40,335348.0,0
1038.0,6,20,98342.0,0
1039.0,203,8,38331.0,0
1040.0,23,3,23076.0,0
1041.0,241,10,56822.0,0
1042.0,15,25,76348.0,0
1043.0,11,81,362401.0,0
1044.0,4,30,253351.0,0
1045.0,11,18,178646.0,0
1046.0,74,10,53216.0,0
1047.0,617,1,8128.0,0
1048.0,16,15,113535.0,0
1049.0,55,18,192831.0,0
1050.0,200,8,38231.0,0
1051.0,12,37,171521.0,0
1052.0,170,10,97703.0,0
1053.0,13,11,35080.0,0
1054.0,4,50,270345.0,0
1055.0,3,83,674198.0,4
1056.0,19,51,408638.0,0
1057.0,35,10,78531.0,0
1058.0,55,19,37927.0,0
1059.0,51,20,141470.0,0
1060.0,15,10,21760.0,0
1061.0,40,9,188267.0,0
1062.0,19,30,202046.0,0
1063.0,3,172,2017058.0,4
1064.0,3,81,337083.0,0
1065.0,10,30,340990.0,0
1066.0,9,30,139413.0,0
1067.0,82,8,45131.0,0
1068.0,1,119,2657603.0,4
1069.0,112,7,21402.0,0
1070.0,8,15,48415.0,0
1071.0,16,7,14500.0,0
1072.0,10,51,107942.0,0
1073.0,11,29,371170.0,0
1074.0,368,4,28776.0,0
1075.0,81,16,49819.0,0
1076.0,5,10,76546.0,0
1077.0,12,12,161456.0,0
1078.0,10,9,24037.0,0
1079.0,4,203,4832240.0,2
1080.0,117,20,89832.0,0
1081.0,18,10,72624.0,0
1082.0,10,9,42847.0,0
1083.0,48,26,585042.0,0
1084.0,169,9,35476.0,0
1085.0,9,53,340085.0,0
1086.0,55,10,177752.0,0
1087.0,10,6,28848.0,0
1088.0,368,5,12904.0,0
1089.0,7,33,213724.0,0
1090.0,48,8,16826.0,0
1091.0,9,17,100525.0,0
1092.0,185,8,55611.0,0
1093.0,10,21,62822.0,0
1094.0,11,33,139931.0,0
1095.0,11,21,201917.0,0
1096.0,24,31,496164.0,0
1097.0,10,19,61770.0,0
1098.0,9,15,43194.0,0
1099.0,18,20,157544.0,0
1100.0,145,19,46249.0,0
1101.0,7,14,92490.0,0
1102.0,11,17,120521.0,0
1103.0,9,28,215952.0,0
1104.0,177,7,23762.0,0
1105.0,58,28,49218.0,0
1106.0,23,8,32738.0,0
1108.0,20,28,258923.0,0
1109.0,22,4,5205.0,0
1110.0,13,10,45817.0,0
1111.0,13,26,106296.0,0
1112.0,212,14,37675.0,0
1113.0,6,30,81863.0,0
1114.0,77,1,8600.0,0
1115.0,13,79,430493.0,0
1116.0,20,9,47496.0,0
1117.0,10,7,38876.0,0
1118.0,16,25,101610.0,0
1119.0,102,5,232600.0,0
1120.0,52,18,207597.0,0
1121.0,12,11,200635.0,0
1122.0,11,24,238153.0,0
1123.0,58,11,121794.0,0
1124.0,11,94,923231.0,4
1125.0,14,13,63374.0,0
1126.0,58,8,24095.0,0
1127.0,327,10,26320.0,0
1128.0,2,35,154078.0,0
1129.0,13,61,301243.0,0
1130.0,16,10,38342.0,0
1131.0,14,22,60914.0,0
1132.0,83,6,18261.0,0
1133.0,9,25,130667.0,0
1134.0,39,10,72383.0,0
1135.0,12,40,396921.0,0
1136.0,6,48,346818.0,0
1137.0,11,110,787206.0,4
1138.0,15,19,44183.0,0
1139.0,359,8,63012.0,0
1140.0,14,43,241264.0,0
1141.0,10,4,13848.0,0
1142.0,89,3,18624.0,0
1143.0,55,10,147650.0,0
1144.0,14,78,406700.0,0
1145.0,8,89,2192280.0,4
1146.0,3,33,158550.0,0
1147.0,4,39,320137.0,0
1148.0,8,24,93417.0,0
1149.0,75,13,61916.0,0
1150.0,101,9,30381.0,0
1151.0,205,8,43402.0,0
1152.0,15,16,78040.0,0
1153.0,11,8,47906.0,0
1154.0,2,62,228414.0,0
1155.0,10,16,114051.0,0
1156.0,298,9,91094.0,0
1157.0,18,18,66794.0,0
1158.0,9,39,327088.0,0
1159.0,52,9,40374.0,0
1160.0,326,7,20510.0,0
1161.0,17,10,48270.0,0
1162.0,75,17,95215.0,0
1163.0,13,43,367834.0,0
1164.0,39,15,48894.0,0
1165.0,12,40,307474.0,0
1166.0,15,63,391367.0,0
1167.0,9,18,78047.0,0
1168.0,51,9,38358.0,0
1169.0,50,13,165454.0,0
1170.0,10,19,60724.0,0
1171.0,322,6,21663.0,0
1172.0,54,10,45394.0,0
1173.0,2,52,234744.0,0
1174.0,11,25,79053.0,0
1175.0,24,7,28914.0,0
1176.0,81,9,46706.0,0
1177.0,9,21,53560.0,0
1178.0,173,7,86357.0,0
1179.0,58,12,48184.0,0
1180.0,11,20,155477.0,0
1181.0,295,9,34377.0,0
1182.0,114,11,71566.0,0
1183.0,264,10,112988.0,0
1184.0,174,11,50992.0,0
1185.0,173,6,22725.0,0
1186.0,9,6,10592.0,0
1187.0,18,26,104174.0,0
1188.0,10,28,115174.0,0
1189.0,11,29,607342.0,4
1190.0,81,8,81029.0,0
1191.0,10,4,10984.0,0
1192.0,365,2,13024.0,0
1193.0,3,54,357665.0,0
1194.0,16,26,90375.0,0
1195.0,177,18,85597.0,0
1196.0,15,21,404688.0,0
1197.0,38,14,344286.0,0
1198.0,2,16,45266.0,0
1199.0,13,17,40072.0,0
1200.0,6,47,127086.0,0
1201.0,403,5,-11694.0,0
1202.0,17,27,77954.0,0
1203.0,22,9,29006.0,0
1204.0,16,9,21924.0,0
1205.0,18,24,91898.0,0
1206.0,152,2,10530.0,0
1207.0,8,135,1113829.0,4
1208.0,10,68,361770.0,0
1209.0,101,11,25157.0,0
1210.0,200,7,33686.0,0
1211.0,50,9,53946.0,0
1212.0,9,40,328724.0,0
1213.0,209,5,43178.0,0
1214.0,50,9,36851.0,0
1215.0,81,10,121590.0,0
1216.0,10,6,26950.0,0
1217.0,70,38,240778.0,0
1218.0,34,54,324582.0,0
1219.0,29,15,127492.0,0
1220.0,5,118,884115.0,4
1221.0,20,8,43429.0,0
1222.0,20,63,559638.0,0
1223.0,10,19,199572.0,0
1224.0,15,9,42763.0,0
1225.0,20,35,130398.0,0
1226.0,31,3,10714.0,0
1227.0,36,65,382113.0,0
1228.0,4,42,275868.0,0
1229.0,16,39,179460.0,0
1230.0,9,107,496567.0,0
1231.0,208,10,98949.0,0
1232.0,51,20,258574.0,0
1233.0,13,19,97239.0,0
1234.0,11,63,599457.0,0
1235.0,15,37,408585.0,0
1236.0,79,20,127459.0,0
1237.0,203,15,87257.0,0
1238.0,47,5,40452.0,0
1239.0,47,22,72658.0,0
1240.0,81,10,101776.0,0
1241.0,53,9,112726.0,0
1242.0,43,39,541332.0,0
1243.0,11,30,188748.0,0
1244.0,20,16,86924.0,0
1245.0,74,15,72623.0,0
1246.0,137,10,65219.0,0
1247.0,8,18,77964.0,0
1248.0,12,9,37972.0,0
1249.0,63,3,13908.0,0
1250.0,40,13,57438.0,0
1251.0,11,60,307161.0,0
1252.0,12,110,1696418.0,4
1253.0,8,79,400683.0,0
1254.0,13,19,65569.0,0
1255.0,29,32,174196.0,0
1256.0,78,10,77308.0,0
1257.0,177,12,17031.0,0
1258.0,81,29,201742.0,0
1259.0,9,3,17888.0,0
1260.0,10,81,434992.0,0
1261.0,267,10,19192.0,0
1262.0,18,38,81035.0,0
1263.0,172,5,195522.0,0
1264.0,78,8,30426.0,0
1265.0,38,22,150518.0,0
1266.0,18,12,50950.0,0
1267.0,13,38,760433.0,4
1268.0,9,17,111085.0,0
1269.0,1,135,1764541.0,4
1270.0,20,10,27949.0,0
1271.0,104,4,33890.0,0
1272.0,66,5,12644.0,0
1273.0,111,7,79132.0,0
1274.0,2,194,1020148.0,4
1275.0,10,103,860598.0,4
1276.0,267,6,27568.0,0
1277.0,5,113,890648.0,4
1278.0,69,59,1349698.0,4
1279.0,9,39,235080.0,0
1280.0,267,4,17433.0,0
1281.0,10,19,56690.0,0
1282.0,321,10,29822.0,0
1283.0,4,59,175218.0,0
1284.0,9,9,18214.0,0
1285.0,5,20,131134.0,0
1286.0,12,10,16265.0,0
1287.0,17,23,63392.0,0
1288.0,14,40,118844.0,0
1289.0,12,6,53136.0,0
1290.0,9,4,6492.0,0
1291.0,18,22,119155.0,0
1292.0,365,10,24900.0,0
1293.0,5,39,142996.0,0
1294.0,3,123,612688.0,4
1295.0,3,10,33412.0,0
1296.0,9,79,5678995.0,2
1297.0,58,7,23739.0,0
1298.0,326,1,8352.0,0
1299.0,8,95,508321.0,0
1300.0,20,10,60215.0,0
1301.0,5,105,6146204.0,2
1302.0,9,10,19091.0,0
1303.0,10,102,420386.0,0
1304.0,142,9,22838.0,0
1305.0,81,25,795177.0,4
1306.0,8,30,175631.0,0
1307.0,155,10,26096.0,0
1308.0,90,12,169657.0,0
1309.0,11,57,361086.0,0
1310.0,9,19,75231.0,0
1311.0,26,11,9424.0,0
1312.0,5,71,704558.0,4
1313.0,11,11,95357.0,0
1314.0,9,52,359575.0,0
1315.0,4,25,213745.0,0
1316.0,17,10,43651.0,0
1317.0,9,38,175489.0,0
1318.0,145,3,13704.0,0
1319.0,359,1,-2082.0,0
1320.0,4,37,377047.0,0
1321.0,85,5,111164.0,0
1322.0,9,28,362428.0,0
1323.0,20,8,86422.0,0
1324.0,12,24,89151.0,0
1325.0,10,19,90653.0,0
1326.0,2,33,144699.0,0
1327.0,293,10,63884.0,0
1328.0,3,85,531062.0,0
1329.0,12,15,75351.0,0
1330.0,2,76,666799.0,4
1331.0,3,17,127049.0,0
1332.0,50,9,64788.0,0
1333.0,4,20,130608.0,0
1334.0,4,27,106615.0,0
1335.0,403,9,45056.0,0
1336.0,143,5,12842.0,0
1337.0,43,10,414756.0,0
1338.0,38,49,468219.0,0
1339.0,57,6,50612.0,0
1340.0,234,3,16640.0,0
1341.0,15,14,34154.0,0
1342.0,9,16,90914.0,0
1343.0,81,19,96024.0,0
1344.0,240,10,161084.0,0
1345.0,267,4,12968.0,0
1346.0,9,237,12647317.0,1
1347.0,20,16,51452.0,0
1348.0,50,10,86224.0,0
1349.0,11,105,685987.0,4
1350.0,15,28,136553.0,0
1351.0,174,15,36425.0,0
1352.0,13,30,297296.0,0
1353.0,81,11,220734.0,0
1354.0,17,8,14751.0,0
1355.0,70,28,66512.0,0
1356.0,11,10,46170.0,0
1357.0,45,20,52999.0,0
1358.0,9,9,18334.0,0
1359.0,10,41,381795.0,0
1360.0,298,18,67097.0,0
1361.0,11,19,66660.0,0
1362.0,9,68,237192.0,0
1363.0,50,19,86982.0,0
1364.0,11,146,498969.0,0
1365.0,10,9,51181.0,0
1366.0,332,3,20166.0,0
1367.0,18,43,255175.0,0
1368.0,3,127,662591.0,4
1369.0,2,111,645129.0,4
1370.0,10,17,106222.0,0
1371.0,5,148,1409229.0,4
1372.0,107,8,157596.0,0
1373.0,112,6,41114.0,0
1374.0,21,28,79890.0,0
1375.0,15,2,19752.0,0
1376.0,61,32,105424.0,0
1377.0,3,10,19978.0,0
1378.0,20,22,29749.0,0
1379.0,240,9,44282.0,0
1380.0,11,7,17337.0,0
1381.0,12,47,244389.0,0
1382.0,19,52,227796.0,0
1383.0,41,61,280494.0,0
1384.0,11,7,155680.0,0
1386.0,9,29,136439.0,0
1387.0,20,42,244686.0,0
1388.0,5,26,215044.0,0
1389.0,3,80,230093.0,0
1390.0,50,7,26476.0,0
1391.0,6,6,13646.0,0
1392.0,46,15,76886.0,0
1393.0,14,65,456172.0,0
1394.0,178,10,96639.0,0
1395.0,11,25,122017.0,0
1396.0,15,39,130636.0,0
1397.0,9,37,283495.0,0
1398.0,27,62,426228.0,0
1399.0,19,21,179117.0,0
1400.0,44,26,101174.0,0
1401.0,14,48,295181.0,0
1402.0,18,25,167446.0,0
1403.0,23,24,119867.0,0
1404.0,13,31,401350.0,0
1405.0,81,9,63854.0,0
1406.0,403,8,17633.0,0
1407.0,329,5,20847.0,0
1408.0,11,63,283190.0,0
1409.0,9,17,107479.0,0
1410.0,44,5,27340.0,0
1411.0,235,10,34381.0,0
1412.0,11,73,311405.0,0
1413.0,15,24,215714.0,0
1414.0,16,30,182781.0,0
1415.0,17,8,15917.0,0
1416.0,293,4,36582.0,0
1417.0,8,19,245538.0,0
1418.0,2,31,382408.0,0
1419.0,264,19,114988.0,0
1420.0,12,39,408531.0,0
1421.0,11,55,1554952.0,4
1422.0,143,4,16202.0,0
1423.0,51,15,139383.0,0
1424.0,9,63,345454.0,0
1425.0,13,13,36422.0,0
1426.0,111,18,68153.0,0
1427.0,74,26,148825.0,0
1428.0,332,10,57851.0,0
1429.0,137,7,15960.0,0
1430.0,81,17,75485.0,0
1431.0,16,22,67670.0,0
1432.0,11,33,132618.0,0
1433.0,15,25,493601.0,0
1434.0,197,7,14544.0,0
1435.0,4,84,494639.0,0
1436.0,9,19,65022.0,0
1437.0,22,18,216966.0,0
1438.0,16,34,696118.0,4
1439.0,69,9,33277.0,0
1440.0,15,8,52158.0,0
1441.0,38,29,104944.0,0
1442.0,10,44,276997.0,0
1443.0,2,64,525477.0,0
1444.0,17,54,551160.0,0
1445.0,4,32,137983.0,0
1446.0,100,5,17356.0,0
1447.0,10,28,179011.0,0
1448.0,5,190,7892625.0,2
1449.0,19,68,490663.0,0
1450.0,27,1,6260.0,0
1451.0,114,11,88401.0,0
1452.0,45,14,24304.0,0
1453.0,12,25,232408.0,0
1454.0,54,15,252082.0,0
1455.0,15,49,406460.0,0
1456.0,9,69,310204.0,0
1457.0,16,15,27034.0,0
1458.0,11,45,211767.0,0
1459.0,111,7,26668.0,0
1460.0,13,44,294597.0,0
1461.0,40,9,65239.0,0
1462.0,19,20,48067.0,0
1463.0,19,46,268579.0,0
1464.0,75,18,69313.0,0
1465.0,16,8,20787.0,0
1466.0,104,7,37517.0,0
1467.0,17,64,645532.0,4
1468.0,127,12,57222.0,0
1469.0,10,16,110761.0,0
1470.0,10,11,38062.0,0
1471.0,11,72,343200.0,0
1472.0,11,19,67259.0,0
1473.0,17,36,248572.0,0
1474.0,44,13,76075.0,0
1475.0,240,8,35902.0,0
1476.0,45,6,15558.0,0
1477.0,15,34,286226.0,0
1478.0,9,17,81766.0,0
1479.0,12,35,110450.0,0
1480.0,39,4,14778.0,0
1481.0,12,17,127255.0,0
1482.0,264,7,49797.0,0
1483.0,20,10,18220.0,0
1484.0,17,11,35912.0,0
1485.0,257,1,5136.0,0
1486.0,13,21,129929.0,0
1487.0,45,5,13498.0,0
1488.0,6,7,27672.0,0
1489.0,368,8,23380.0,0
1490.0,61,15,78478.0,0
1491.0,50,9,29939.0,0
1492.0,20,28,106546.0,0
1493.0,9,30,269098.0,0
1494.0,23,10,21284.0,0
1495.0,14,45,452903.0,0
1496.0,9,123,1145846.0,4
1497.0,293,7,17560.0,0
1498.0,296,3,11970.0,0
1499.0,359,4,8157.0,0
1500.0,14,10,35113.0,0
1501.0,75,7,66077.0,0
1502.0,50,20,50804.0,0
1503.0,53,10,29008.0,0
1504.0,27,10,127119.0,0
1505.0,10,25,164687.0,0
1506.0,25,12,29451.0,0
1507.0,299,5,17106.0,0
1508.0,9,30,213477.0,0
1509.0,9,72,421159.0,0
1510.0,10,29,136732.0,0
1511.0,9,77,556871.0,0
1512.0,45,5,7542.0,0
1513.0,3,90,429438.0,0
1514.0,10,18,59115.0,0
1515.0,3,69,372035.0,0
1516.0,146,11,78443.0,0
1517.0,5,88,640135.0,4
1518.0,16,17,172065.0,0
1519.0,9,50,192172.0,0
1520.0,121,6,17617.0,0
1521.0,16,32,289254.0,0
1522.0,14,46,347933.0,0
1523.0,12,30,259829.0,0
1524.0,11,53,71297.0,0
1525.0,48,7,117732.0,0
1526.0,9,19,115599.0,0
1527.0,364,8,15742.0,0
1528.0,41,45,286537.0,0
1529.0,2,116,726424.0,4
1530.0,26,9,58676.0,0
1531.0,4,28,278777.0,0
1532.0,10,56,129563.0,0
1533.0,41,11,54767.0,0
1534.0,61,15,99077.0,0
1535.0,1,54,567388.0,0
1536.0,15,3,33816.0,0
1537.0,26,1,34944.0,0
1538.0,9,74,494059.0,0
1539.0,10,9,47024.0,0
1540.0,8,42,147835.0,0
1541.0,18,10,45964.0,0
1542.0,10,53,323693.0,0
1543.0,28,11,161344.0,0
1544.0,11,6,15645.0,0
1545.0,367,2,9228.0,0
1546.0,109,5,18894.0,0
1547.0,293,10,293010.0,0
1548.0,51,33,263435.0,0
1549.0,2,30,175945.0,0
1550.0,8,21,182059.0,0
1551.0,18,41,193153.0,0
1552.0,1,40,147299.0,0
1553.0,20,28,145039.0,0
1554.0,130,10,41384.0,0
1555.0,10,40,126183.0,0
1556.0,181,20,60870.0,0
1557.0,10,20,81945.0,0
1558.0,11,20,32055.0,0
1559.0,14,8,13828.0,0
1560.0,6,77,442142.0,0
1561.0,18,3,15568.0,0
1562.0,13,10,221540.0,0
1563.0,48,9,71583.0,0
1564.0,149,29,253190.0,0
1565.0,12,72,239324.0,0
1566.0,133,6,61795.0,0
1567.0,16,17,128286.0,0
1568.0,9,48,280035.0,0
1569.0,20,33,74019.0,0
1570.0,20,14,57391.0,0
1571.0,14,73,251361.0,0
1572.0,82,5,24418.0,0
1573.0,50,9,59883.0,0
1574.0,14,20,110705.0,0
1575.0,199,8,28023.0,0
1576.0,20,9,175010.0,0
1577.0,77,12,38428.0,0
1578.0,20,9,32480.0,0
1579.0,135,16,90227.0,0
1580.0,9,41,287824.0,0
1581.0,78,7,16961.0,0
1582.0,52,7,40440.0,0
1583.0,39,10,19926.0,0
1584.0,11,41,152194.0,0
1585.0,10,13,140106.0,0
1586.0,208,10,62774.0,0
1587.0,176,12,42777.0,0
1588.0,8,47,296979.0,0
1589.0,26,6,19152.0,0
1590.0,52,6,16136.0,0
1591.0,48,12,64204.0,0
1592.0,18,10,58171.0,0
1593.0,44,45,248906.0,0
1594.0,17,30,108074.0,0
1595.0,89,6,42345.0,0
1596.0,44,11,27165.0,0
1597.0,9,80,305206.0,0
1598.0,4,40,452984.0,0
1599.0,16,34,83233.0,0
1600.0,15,80,719490.0,4
1601.0,10,48,237251.0,0
1602.0,17,36,162433.0,0
1603.0,11,20,33235.0,0
1604.0,9,37,166959.0,0
1605.0,14,15,34334.0,0
1606.0,200,17,52989.0,0
1607.0,10,22,139457.0,0
1608.0,10,38,264900.0,0
1609.0,37,10,38560.0,0
1610.0,10,7,35220.0,0
1611.0,5,4,36978.0,0
1612.0,11,13,115313.0,0
1613.0,114,7,40506.0,0
1614.0,17,47,222070.0,0
1615.0,12,76,564411.0,0
1616.0,3,317,885087.0,4
1617.0,9,10,54920.0,0
1618.0,10,30,79035.0,0
1619.0,11,59,370024.0,0
1620.0,108,34,113282.0,0
1621.0,10,33,330088.0,0
1622.0,3,156,520416.0,0
1623.0,10,30,367480.0,0
1624.0,260,10,19192.0,0
1625.0,58,8,41700.0,0
1626.0,40,10,45958.0,0
1627.0,20,14,80631.0,0
1628.0,48,23,123707.0,0
1629.0,15,37,178550.0,0
1630.0,44,4,11411.0,0
1631.0,5,66,325367.0,0
1632.0,25,20,276356.0,0
1633.0,6,50,314697.0,0
1634.0,4,50,525622.0,0
1635.0,155,4,72480.0,0
1636.0,48,10,37940.0,0
1637.0,20,18,99340.0,0
1638.0,20,9,24943.0,0
1639.0,13,10,20448.0,0
1640.0,9,34,110956.0,0
1641.0,20,30,306003.0,0
1642.0,48,14,40579.0,0
1643.0,10,16,39174.0,0
1644.0,10,58,278995.0,0
1645.0,14,26,155530.0,0
1646.0,4,132,555971.0,0
1647.0,11,39,385821.0,0
1648.0,113,3,167200.0,0
1649.0,42,15,175452.0,0
1650.0,3,6,28144.0,0
1651.0,17,10,25610.0,0
1652.0,6,55,348386.0,0
1653.0,14,64,187135.0,0
1654.0,587,1,4392.0,0
1655.0,20,39,105074.0,0
1656.0,4,9,32711.0,0
1657.0,21,8,21507.0,0
1658.0,100,5,15354.0,0
1659.0,6,50,142588.0,0
1660.0,14,29,123354.0,0
1661.0,51,8,20956.0,0
1662.0,17,16,28338.0,0
1663.0,14,84,197528.0,0
1664.0,403,2,4386.0,0
1665.0,15,20,206573.0,0
1666.0,9,28,77649.0,0
1667.0,22,20,79154.0,0
1668.0,8,20,46017.0,0
1669.0,10,32,226026.0,0
1670.0,20,13,116019.0,0
1671.0,50,10,31473.0,0
1672.0,48,9,45334.0,0
1673.0,20,5,27996.0,0
1674.0,47,2,74400.0,0
1675.0,2,378,1456355.0,4
1676.0,20,22,1453178.0,4
1677.0,5,15,205119.0,0
1678.0,149,3,204930.0,0
1679.0,170,3,43984.0,0
1680.0,20,14,67332.0,0
1681.0,16,9,44495.0,0
1682.0,47,17,50633.0,0
1683.0,2,42,234223.0,0
1684.0,14,9,38409.0,0
1685.0,9,45,107347.0,0
1686.0,60,7,29593.0,0
1687.0,136,24,101211.0,0
1688.0,10,42,340774.0,0
1689.0,48,5,-2353.0,0
1690.0,16,13,78302.0,0
1691.0,5,21,114352.0,0
1692.0,52,22,127888.0,0
1693.0,264,5,16714.0,0
1694.0,267,10,39890.0,0
1695.0,9,15,75005.0,0
1696.0,51,9,53641.0,0
1697.0,12,40,365394.0,0
1698.0,10,51,242480.0,0
1699.0,23,5,16182.0,0
1700.0,63,2,9908.0,0
1701.0,173,19,105934.0,0
1702.0,10,18,89714.0,0
1703.0,13,16,77363.0,0
1704.0,3,235,35536194.0,3
1705.0,203,9,27552.0,0
1706.0,5,30,191337.0,0
1707.0,10,20,83133.0,0
1708.0,81,9,13846.0,0
1709.0,2,50,246076.0,0
1710.0,7,29,252319.0,0
1711.0,47,20,35462.0,0
1712.0,13,38,106397.0,0
1713.0,6,17,26782.0,0
1714.0,9,78,303005.0,0
1715.0,87,16,41033.0,0
1716.0,27,4,12447.0,0
1717.0,9,38,107056.0,0
1718.0,9,20,86035.0,0
1719.0,10,39,147233.0,0
1720.0,25,8,26097.0,0
1721.0,9,165,1179769.0,4
1722.0,19,20,168178.0,0
1723.0,17,10,56488.0,0
1724.0,19,20,100905.0,0
1725.0,4,34,226239.0,0
1726.0,20,10,79289.0,0
1727.0,32,29,379844.0,0
1728.0,372,1,-315.0,0
1729.0,11,121,3423657.0,4
1730.0,216,6,53090.0,0
1731.0,105,2,9472.0,0
1732.0,15,50,165839.0,0
1733.0,111,9,81994.0,0
1734.0,8,156,684289.0,4
1735.0,209,9,15043.0,0
1736.0,13,19,44825.0,0
1737.0,9,31,246838.0,0
1738.0,142,33,73629.0,0
1739.0,265,7,18819.0,0
1740.0,5,63,302655.0,0
1741.0,15,10,30584.0,0
1742.0,2,41,156588.0,0
1743.0,76,6,14899.0,0
1744.0,9,30,292277.0,0
1745.0,16,70,294095.0,0
1746.0,2,135,404083.0,0
1747.0,20,8,39919.0,0
1748.0,20,57,207627.0,0
1749.0,258,1,25300.0,0
1750.0,3,19,134183.0,0
1751.0,9,103,611321.0,4
1752.0,10,35,79226.0,0
1753.0,11,98,330237.0,0
1754.0,31,16,107659.0,0
1755.0,9,89,341471.0,0
1756.0,26,6,20408.0,0
1757.0,26,32,116581.0,0
1758.0,50,18,69040.0,0
1759.0,2,48,213175.0,0
1760.0,7,21,77497.0,0
1761.0,148,9,23305.0,0
1762.0,9,44,149254.0,0
1763.0,25,10,104020.0,0
1764.0,17,7,30342.0,0
1765.0,403,10,41251.0,0
1766.0,2,68,258769.0,0
1767.0,15,21,51641.0,0
1768.0,9,69,349768.0,0
1769.0,18,87,1130843.0,4
1770.0,5,106,692945.0,4
1771.0,8,15,136049.0,0
1772.0,40,37,158793.0,0
1773.0,5,38,586519.0,0
1774.0,44,32,177128.0,0
1775.0,20,41,184082.0,0
1776.0,21,23,139752.0,0
1777.0,14,34,165543.0,0
1778.0,16,9,33388.0,0
1779.0,9,36,189961.0,0
1780.0,50,4,48988.0,0
1781.0,88,10,66570.0,0
1782.0,50,18,86032.0,0
1783.0,19,95,609602.0,4
1784.0,20,10,98671.0,0
1785.0,81,8,48678.0,0
1786.0,137,35,171479.0,0
1787.0,5,27,190759.0,0
1788.0,297,6,6498.0,0
1789.0,19,8,31906.0,0
1790.0,264,10,42948.0,0
1791.0,51,4,29355.0,0
1792.0,9,17,32587.0,0
1793.0,15,52,306670.0,0
1794.0,21,6,17512.0,0
1795.0,3,81,1445095.0,4
1796.0,234,19,112967.0,0
1797.0,114,6,18474.0,0
1798.0,59,23,168226.0,0
1799.0,15,55,347155.0,0
1800.0,191,3,-2451.0,0
1801.0,12,16,91192.0,0
1802.0,17,16,43206.0,0
1803.0,55,14,59968.0,0
1804.0,293,6,21854.0,0
1805.0,27,11,44303.0,0
1806.0,22,3,12216.0,0
1807.0,8,16,83272.0,0
1808.0,30,4,26712.0,0
1809.0,9,25,111524.0,0
1810.0,40,4,-49.0,0
1811.0,22,8,25480.0,0
1812.0,3,49,161323.0,0
1813.0,173,6,14052.0,0
1814.0,2,164,1095514.0,4
1815.0,54,8,24504.0,0
1816.0,52,8,22090.0,0
1817.0,19,96,595883.0,0
1818.0,10,10,29522.0,0
1819.0,17,22,107256.0,0
1820.0,38,8,42045.0,0
1821.0,20,27,61855.0,0
1822.0,82,6,35983.0,0
1823.0,13,51,343898.0,0
1824.0,18,102,258425.0,0
1825.0,370,10,18153.0,0
1826.0,10,16,114256.0,0
1827.0,205,3,27391.0,0
1828.0,17,19,139899.0,0
1829.0,81,26,81716.0,0
1830.0,66,9,34354.0,0
1831.0,23,21,64970.0,0
1832.0,369,2,5468.0,0
1833.0,136,19,36502.0,0
1834.0,9,19,145640.0,0
1835.0,5,74,270697.0,0
1836.0,110,10,273640.0,0
1837.0,14,26,84396.0,0
1838.0,54,10,27858.0,0
1839.0,10,42,212747.0,0
1840.0,9,6,12428.0,0
1841.0,11,39,232645.0,0
1842.0,268,4,7944.0,0
1843.0,10,50,421070.0,0
1844.0,9,38,328894.0,0
1845.0,10,38,407812.0,0
1846.0,149,7,38098.0,0
1847.0,9,123,1067830.0,4
1848.0,48,10,46346.0,0
1849.0,25,14,70133.0,0
1850.0,11,47,373013.0,0
1851.0,25,9,50401.0,0
1852.0,17,50,372051.0,0
1853.0,120,10,79087.0,0
1854.0,37,19,166372.0,0
1855.0,10,20,140182.0,0
1856.0,20,26,164108.0,0
1857.0,20,8,25886.0,0
1858.0,54,4,20682.0,0
1859.0,26,19,115916.0,0
1860.0,9,7,32664.0,0
1861.0,283,4,14376.0,0
1862.0,10,51,1665383.0,4
1863.0,15,21,84926.0,0
1864.0,4,62,368314.0,0
1865.0,8,20,101000.0,0
1866.0,264,6,38863.0,0
1867.0,4,38,60948.0,0
1868.0,211,9,61344.0,0
1869.0,111,15,172058.0,0
1870.0,20,60,182933.0,0
1871.0,14,22,89447.0,0
1872.0,20,9,37892.0,0
1873.0,27,8,68888.0,0
1874.0,21,31,117271.0,0
1875.0,73,8,127664.0,0
1876.0,46,7,44708.0,0
1877.0,81,6,227500.0,0
1878.0,209,8,45946.0,0
1879.0,19,8,19230.0,0
1880.0,107,5,14797.0,0
1881.0,14,14,81711.0,0
1882.0,20,12,165351.0,0
1883.0,86,10,78571.0,0
1884.0,8,107,1341649.0,4
1885.0,206,16,62817.0,0
1886.0,8,27,157640.0,0
1887.0,18,41,176957.0,0
1888.0,9,56,168982.0,0
1889.0,23,11,44446.0,0
1890.0,12,53,355128.0,0
1891.0,3,18,205535.0,0
1892.0,74,13,71935.0,0
1893.0,4,54,426618.0,0
1894.0,82,7,33220.0,0
1895.0,5,21,46789.0,0
1896.0,2,356,17743855.0,1
1897.0,16,15,134597.0,0
1898.0,9,36,203156.0,0
1899.0,47,8,31421.0,0
1900.0,11,36,182965.0,0
1901.0,43,18,200035.0,0
1902.0,15,10,127024.0,0
1903.0,9,20,184820.0,0
1904.0,51,10,100311.0,0
1905.0,16,7,35083.0,0
1906.0,9,6,30142.0,0
1907.0,17,20,299868.0,0
1908.0,5,24,116239.0,0
1909.0,366,8,40694.0,0
1910.0,17,21,242572.0,0
1911.0,298,6,237285.0,0
1912.0,9,51,1013832.0,4
1913.0,42,17,181857.0,0
1914.0,9,62,713542.0,4
1915.0,283,3,11822.0,0
1916.0,73,10,37871.0,0
1917.0,11,36,143507.0,0
1918.0,20,9,42862.0,0
1919.0,81,9,44123.0,0
1920.0,10,67,960858.0,4
1921.0,26,10,39827.0,0
1922.0,20,10,40285.0,0
1923.0,77,6,8192.0,0
1924.0,14,23,55050.0,0
1925.0,15,31,91303.0,0
1926.0,38,10,35091.0,0
1927.0,11,82,886168.0,4
1928.0,275,4,14892.0,0
1929.0,9,49,197688.0,0
1930.0,16,6,30522.0,0
1931.0,11,10,77772.0,0
1932.0,20,10,28734.0,0
1933.0,50,5,51724.0,0
1934.0,9,10,20005.0,0
1935.0,10,20,170536.0,0
1936.0,9,18,141602.0,0
1937.0,12,10,12656.0,0
1938.0,111,20,145021.0,0
1939.0,9,10,13343.0,0
1940.0,58,6,44453.0,0
1941.0,17,38,85994.0,0
1942.0,81,49,221921.0,0
1943.0,16,7,14037.0,0
1944.0,20,19,24536.0,0
1945.0,203,20,44037.0,0
1946.0,252,4,39520.0,0
1947.0,212,10,38888.0,0
1948.0,17,20,28207.0,0
1949.0,53,18,97128.0,0
1950.0,174,19,57030.0,0
1951.0,50,10,61836.0,0
1952.0,19,35,207117.0,0
1953.0,148,10,154257.0,0
1954.0,9,249,828830.0,4
1955.0,52,10,64325.0,0
1956.0,13,9,19567.0,0
1957.0,20,23,156327.0,0
1958.0,9,9,41673.0,0
1959.0,54,20,53611.0,0
1960.0,50,13,31470.0,0
1961.0,173,8,20341.0,0
1962.0,9,10,16507.0,0
1963.0,39,17,52887.0,0
1964.0,267,10,34324.0,0
1965.0,13,80,230504.0,0
1966.0,20,29,117642.0,0
1967.0,4,101,818260.0,4
1968.0,9,53,214095.0,0
1969.0,9,10,47060.0,0
1970.0,17,25,57100.0,0
1971.0,35,25,124118.0,0
1972.0,50,22,83653.0,0
1973.0,163,6,67824.0,0
1974.0,5,36,89927.0,0
1975.0,169,19,640764.0,4
1976.0,5,97,338893.0,0
1977.0,9,63,564893.0,0
1978.0,11,9,41792.0,0
1979.0,81,21,64809.0,0
1980.0,10,49,75579.0,0
1981.0,9,316,2447919.0,4
1982.0,173,10,23409.0,0
1983.0,204,4,14862.0,0
1984.0,9,3,69200.0,0
1985.0,18,127,906963.0,4
1986.0,13,9,79400.0,0
1987.0,9,100,691786.0,4
1988.0,270,9,47916.0,0
1989.0,10,35,47783.0,0
1990.0,17,3,16431.0,0
1991.0,26,19,227850.0,0
1992.0,24,30,187430.0,0
1993.0,293,9,25828.0,0
1994.0,5,28,128920.0,0
1995.0,20,20,40923.0,0
1996.0,17,12,183502.0,0
1997.0,12,71,272777.0,0
1998.0,15,60,162277.0,0
1999.0,38,11,44703.0,0
2000.0,5,172,5920539.0,2
2001.0,15,32,142597.0,0
2002.0,15,5,38566.0,0
2003.0,9,41,382850.0,0
2004.0,9,16,88980.0,0
2005.0,17,20,221706.0,0
2006.0,50,19,72328.0,0
2007.0,180,10,132737.0,0
2008.0,464,1,12024.0,0
2009.0,11,16,107303.0,0
2010.0,14,18,73437.0,0
2011.0,111,10,93575.0,0
2012.0,81,10,101787.0,0
2013.0,173,10,114768.0,0
2014.0,8,167,1230876.0,4
2015.0,15,19,106611.0,0
2016.0,10,26,56409.0,0
2017.0,230,4,11792.0,0
2018.0,17,8,61264.0,0
2019.0,10,23,138350.0,0
2020.0,11,47,316242.0,0
2021.0,18,8,49854.0,0
2022.0,10,11,66112.0,0
2023.0,15,13,51421.0,0
2024.0,19,54,660568.0,4
2025.0,14,24,194785.0,0
2026.0,50,7,25253.0,0
2027.0,5,10,31944.0,0
2028.0,183,2,95933.0,0
2029.0,85,9,63861.0,0
2030.0,49,5,81794.0,0
2031.0,130,8,35809.0,0
2032.0,9,17,84481.0,0
2033.0,17,22,127985.0,0
2034.0,10,38,290909.0,0
2035.0,10,41,196342.0,0
2036.0,49,14,34245.0,0
2037.0,14,24,140484.0,0
2038.0,16,12,52989.0,0
2039.0,12,28,107838.0,0
2040.0,9,27,192510.0,0
2041.0,27,20,479590.0,0
2042.0,9,86,441490.0,0
2043.0,20,10,40498.0,0
2044.0,21,30,167741.0,0
2045.0,12,36,243860.0,0
2047.0,16,8,30596.0,0
2048.0,134,10,48376.0,0
2049.0,51,17,58497.0,0
2050.0,95,33,200365.0,0
2051.0,8,20,283757.0,0
2052.0,23,11,29692.0,0
2053.0,27,61,1417904.0,4
2054.0,10,6,53359.0,0
2055.0,10,42,207566.0,0
2056.0,12,53,427231.0,0
2057.0,173,10,39328.0,0
2058.0,26,27,129380.0,0
2059.0,73,17,125874.0,0
2060.0,9,51,187540.0,0
2061.0,241,5,14801.0,0
2062.0,4,26,167084.0,0
2063.0,49,11,27166.0,0
2064.0,53,45,324683.0,0
2065.0,50,10,71144.0,0
2066.0,137,9,32266.0,0
2067.0,11,102,804574.0,4
2068.0,16,33,154054.0,0
2069.0,135,20,197608.0,0
2070.0,106,10,77222.0,0
2071.0,20,8,36985.0,0
2072.0,134,9,57265.0,0
2073.0,9,77,731403.0,4
2074.0,9,99,601924.0,0
2075.0,9,10,41338.0,0
2076.0,81,11,28683.0,0
2077.0,3,20,125270.0,0
2078.0,4,35,300532.0,0
2079.0,50,4,51942.0,0
2080.0,4,164,2440215.0,4
2081.0,360,4,18108.0,0
2082.0,20,15,38187.0,0
2083.0,10,27,101362.0,0
2084.0,403,10,56256.0,0
2085.0,321,10,20384.0,0
2086.0,32,3,11940.0,0
2087.0,335,5,142420.0,0
2088.0,38,43,238890.0,0
2089.0,323,6,21408.0,0
2090.0,81,10,40918.0,0
2091.0,265,3,6010.0,0
2092.0,20,30,320112.0,0
2093.0,369,4,10863.0,0
2094.0,10,14,90984.0,0
2095.0,13,17,75781.0,0
2096.0,9,19,50620.0,0
2097.0,71,10,57750.0,0
2098.0,20,13,49221.0,0
2099.0,5,53,552884.0,0
2100.0,3,145,1880310.0,4
2101.0,44,25,152555.0,0
2102.0,10,8,58743.0,0
2103.0,4,123,1051522.0,4
2105.0,20,20,132168.0,0
2106.0,41,8,25048.0,0
2107.0,11,10,137620.0,0
2108.0,12,48,155752.0,0
2109.0,26,52,274224.0,0
2110.0,359,6,49972.0,0
2111.0,12,17,85857.0,0
2112.0,72,9,47454.0,0
2113.0,2,32,102165.0,0
2114.0,137,8,43800.0,0
2115.0,10,17,101157.0,0
2116.0,241,7,11150.0,0
2117.0,324,13,49607.0,0
2118.0,2,56,225525.0,0
2119.0,11,19,71273.0,0
2120.0,93,2,11076.0,0
2121.0,15,73,759560.0,4
2122.0,177,7,32461.0,0
2123.0,17,49,251353.0,0
2124.0,368,8,29830.0,0
2125.0,262,4,75720.0,0
2126.0,16,14,58238.0,0
2127.0,360,8,38446.0,0
2128.0,235,9,51112.0,0
2129.0,18,5,17941.0,0
2130.0,9,36,154037.0,0
2131.0,10,35,464819.0,0
2132.0,241,8,63678.0,0
2133.0,114,19,91496.0,0
2134.0,17,8,31338.0,0
2135.0,15,66,291750.0,0
2136.0,299,8,45703.0,0
2137.0,2,34,196073.0,0
2138.0,11,21,142637.0,0
2139.0,58,19,104417.0,0
2140.0,44,47,229414.0,0
2141.0,10,52,272369.0,0
2142.0,82,7,41500.0,0
2143.0,10,16,79134.0,0
2144.0,14,28,339225.0,0
2145.0,239,16,65006.0,0
2146.0,12,6,43088.0,0
2147.0,9,109,836961.0,4
2148.0,11,69,1355096.0,4
2149.0,9,19,99580.0,0
2150.0,20,26,134430.0,0
2151.0,12,9,45303.0,0
2152.0,10,10,115487.0,0
2153.0,149,5,11513.0,0
2154.0,47,6,25244.0,0
2155.0,15,16,69124.0,0
2156.0,44,46,218736.0,0
2157.0,142,9,38316.0,0
2158.0,324,7,21688.0,0
2159.0,112,8,20580.0,0
2160.0,40,8,53042.0,0
2161.0,13,20,184196.0,0
2162.0,49,4,12736.0,0
2163.0,29,10,206936.0,0
2164.0,24,2,43306.0,0
2165.0,18,28,297226.0,0
2166.0,9,103,312522.0,0
2167.0,58,20,90357.0,0
2168.0,5,20,104517.0,0
2169.0,9,10,83635.0,0
2170.0,10,10,17100.0,0
2171.0,50,8,38679.0,0
2172.0,355,9,41329.0,0
2173.0,173,8,17533.0,0
2174.0,19,62,289931.0,0
2175.0,52,3,25542.0,0
2176.0,23,14,70789.0,0
2177.0,13,40,267623.0,0
2178.0,16,23,145941.0,0
2179.0,5,103,1031503.0,4
2180.0,9,68,551846.0,0
2181.0,203,9,21961.0,0
2182.0,14,51,452282.0,0
2183.0,20,25,77878.0,0
2184.0,3,79,525877.0,0
2185.0,40,7,243469.0,0
2186.0,10,10,64828.0,0
2187.0,14,81,648034.0,4
2188.0,261,10,68949.0,0
2189.0,17,22,72815.0,0
2190.0,10,23,158855.0,0
2191.0,11,6,22403.0,0
2192.0,47,9,39251.0,0
2193.0,1,357,7966054.0,2
2194.0,15,25,113740.0,0
2195.0,111,1,6800.0,0
2196.0,203,10,46634.0,0
2197.0,10,18,96854.0,0
2198.0,327,1,26300.0,0
2199.0,4,10,69752.0,0
2200.0,47,7,29493.0,0
2201.0,50,9,43453.0,0
2202.0,51,26,323099.0,0
2203.0,65,14,80593.0,0
2204.0,111,10,27496.0,0
2205.0,19,9,54538.0,0
2206.0,53,6,27119.0,0
2207.0,37,26,124223.0,0
2208.0,10,10,110944.0,0
2209.0,370,10,202432.0,0
2210.0,209,6,122592.0,0
2211.0,13,27,49240.0,0
2212.0,54,9,20656.0,0
2213.0,10,20,77212.0,0
2214.0,81,9,247144.0,0
2215.0,42,11,53908.0,0
2216.0,88,8,40730.0,0
2217.0,7,21,52778.0,0
2218.0,36,11,40516.0,0
2219.0,19,9,31193.0,0
2220.0,371,4,29064.0,0
2221.0,163,4,20400.0,0
2222.0,13,18,62239.0,0
2223.0,526,3,14670.0,0
2224.0,9,56,223543.0,0
2225.0,107,18,95772.0,0
2226.0,30,10,30164.0,0
2227.0,9,98,356880.0,0
2228.0,5,150,1183977.0,4
2229.0,70,7,51670.0,0
2230.0,362,5,62856.0,0
2231.0,242,9,42194.0,0
2232.0,11,12,112334.0,0
2233.0,10,47,207044.0,0
2234.0,81,16,85528.0,0
2235.0,16,30,235755.0,0
2236.0,22,3,52590.0,0
2238.0,66,42,282435.0,0
2239.0,142,10,323508.0,0
2240.0,20,75,245662.0,0
2241.0,73,3,17754.0,0
2242.0,45,28,156727.0,0
2243.0,17,59,474067.0,0
2244.0,52,24,189038.0,0
2245.0,220,6,69639.0,0
2246.0,14,50,794296.0,4
2247.0,173,21,86703.0,0
2248.0,50,8,42184.0,0
2249.0,14,10,58259.0,0
2250.0,271,4,17052.0,0
2251.0,181,1,61600.0,0
2252.0,6,35,210873.0,0
2253.0,20,10,32352.0,0
2254.0,69,34,257398.0,0
2255.0,326,6,11703.0,0
2256.0,113,7,35212.0,0
2257.0,261,5,10554.0,0
2258.0,20,20,170624.0,0
2259.0,2,25,112756.0,0
2260.0,12,12,83674.0,0
2261.0,150,17,100352.0,0
2262.0,75,5,47675.0,0
2263.0,18,20,54490.0,0
2264.0,9,32,139261.0,0
2265.0,265,9,33300.0,0
2266.0,12,58,406604.0,0
2267.0,12,31,161750.0,0
2268.0,173,8,25753.0,0
2269.0,9,21,95922.0,0
2270.0,109,9,82235.0,0
2271.0,10,41,505719.0,0
2272.0,86,10,66466.0,0
2273.0,25,5,22032.0,0
2274.0,15,25,123053.0,0
2275.0,328,3,12466.0,0
2276.0,284,2,11010.0,0
2277.0,107,10,52658.0,0
2278.0,9,40,173122.0,0
2279.0,9,20,205931.0,0
2280.0,21,4,17184.0,0
2281.0,27,20,58852.0,0
2282.0,24,7,20764.0,0
2283.0,15,26,65585.0,0
2284.0,33,30,133825.0,0
2285.0,23,10,17200.0,0
2286.0,20,30,143512.0,0
2287.0,264,10,24069.0,0
2288.0,73,10,18738.0,0
2289.0,55,26,47785.0,0
2290.0,169,2,68880.0,0
2291.0,2,71,398514.0,0
2292.0,50,20,181903.0,0
2293.0,267,5,14178.0,0
2294.0,331,7,20334.0,0
2295.0,79,9,62108.0,0
2296.0,14,28,134637.0,0
2297.0,9,10,57288.0,0
2298.0,9,23,67546.0,0
2299.0,2,69,181786.0,0
2300.0,363,9,21555.0,0
2301.0,47,19,70556.0,0
2302.0,264,9,31093.0,0
2303.0,26,5,20568.0,0
2304.0,355,10,25490.0,0
2305.0,11,10,30704.0,0
2306.0,32,4,16688.0,0
2307.0,19,10,121930.0,0
2308.0,17,74,756444.0,4
2309.0,86,10,46159.0,0
2310.0,13,22,66295.0,0
2311.0,51,13,49315.0,0
2312.0,12,18,56193.0,0
2313.0,3,10,60284.0,0
2314.0,114,10,49529.0,0
2315.0,30,7,223736.0,0
2316.0,81,10,61131.0,0
2317.0,50,18,173937.0,0
2318.0,117,10,106810.0,0
2319.0,9,47,1266152.0,4
2320.0,43,20,41207.0,0
2321.0,2,38,518257.0,0
2322.0,9,27,323168.0,0
2323.0,102,1,10728.0,0
2324.0,25,26,139519.0,0
2325.0,15,41,390362.0,0
2326.0,9,15,95370.0,0
2327.0,9,40,224476.0,0
2328.0,12,20,189528.0,0
2329.0,22,12,158300.0,0
2330.0,3,142,1604760.0,4
2331.0,20,30,142643.0,0
2332.0,9,66,842554.0,4
2333.0,363,10,18190.0,0
2334.0,82,9,6892.0,0
2335.0,12,38,490634.0,0
2336.0,23,29,142793.0,0
2337.0,173,10,57368.0,0
2338.0,14,32,124658.0,0
2339.0,333,1,25082.0,0
2340.0,20,47,106323.0,0
2341.0,157,5,16342.0,0
2342.0,9,113,1764683.0,4
2343.0,9,50,472737.0,0
2344.0,50,10,7921.0,0
2345.0,234,10,41934.0,0
2346.0,10,60,256845.0,0
2347.0,2,9,50286.0,0
2348.0,11,48,361867.0,0
2349.0,9,17,76204.0,0
2350.0,85,6,47020.0,0
2351.0,25,1,44112.0,0
2352.0,3,30,100713.0,0
2353.0,36,4,15938.0,0
2354.0,14,70,291298.0,0
2355.0,107,9,31213.0,0
2356.0,10,96,577045.0,0
2357.0,16,38,195167.0,0
2358.0,9,20,251913.0,0
2359.0,26,40,176773.0,0
2360.0,11,24,87396.0,0
2361.0,174,29,53983.0,0
2362.0,104,9,12304.0,0
2363.0,8,10,75117.0,0
2364.0,20,9,33451.0,0
2365.0,115,9,11195.0,0
2366.0,200,10,16815.0,0
2367.0,9,85,501802.0,0
2368.0,55,20,36147.0,0
2369.0,8,117,685901.0,4
2370.0,13,26,192709.0,0
2371.0,5,34,71404.0,0
2372.0,9,10,55464.0,0
2373.0,15,10,11419.0,0
2374.0,10,10,70597.0,0
2375.0,47,7,25982.0,0
2376.0,9,130,695665.0,4
2377.0,25,10,40596.0,0
2378.0,9,9,57580.0,0
2379.0,11,21,85864.0,0
2380.0,357,1,14742.0,0
2381.0,23,29,209842.0,0
2382.0,53,8,21018.0,0
2383.0,20,6,28303.0,0
2384.0,3,25,97695.0,0
2385.0,73,15,182235.0,0
2386.0,9,91,514048.0,0
2387.0,9,27,78096.0,0
2388.0,5,47,318817.0,0
2389.0,9,20,72413.0,0
2390.0,178,27,85977.0,0
2391.0,9,10,113185.0,0
2392.0,13,13,30638.0,0
2393.0,74,8,14765.0,0
2394.0,40,19,40660.0,0
2395.0,13,55,87878.0,0
2396.0,15,23,91714.0,0
2397.0,24,38,89482.0,0
2398.0,177,10,61487.0,0
2399.0,56,9,109452.0,0
2400.0,18,16,55305.0,0
2402.0,50,10,57286.0,0
2403.0,101,5,24156.0,0
2404.0,11,37,228957.0,0
2405.0,15,47,161146.0,0
2406.0,9,10,44097.0,0
2407.0,54,8,31718.0,0
2408.0,28,19,108378.0,0
2409.0,12,116,925902.0,4
2410.0,9,40,167165.0,0
2411.0,87,2,8160.0,0
2412.0,53,7,29769.0,0
2413.0,11,37,144739.0,0
2414.0,10,54,287658.0,0
2415.0,19,6,18096.0,0
2416.0,10,22,145080.0,0
2417.0,14,9,34600.0,0
2418.0,53,4,15752.0,0
2419.0,23,33,186600.0,0
2420.0,63,5,21939.0,0
2421.0,9,141,1307135.0,4
2422.0,9,24,95866.0,0
2423.0,130,2,41200.0,0
2424.0,15,32,205111.0,0
2425.0,5,12,138458.0,0
2426.0,5,66,398393.0,0
2427.0,142,9,35918.0,0
2428.0,117,22,72195.0,0
2429.0,73,32,206702.0,0
2430.0,81,17,112418.0,0
2431.0,5,77,377345.0,0
2432.0,50,20,157207.0,0
2433.0,10,72,423897.0,0
2434.0,20,8,28891.0,0
2435.0,11,14,90636.0,0
2436.0,53,9,30040.0,0
2437.0,307,1,-10680.0,0
2438.0,142,8,57991.0,0
2439.0,5,116,1552745.0,4
2440.0,17,36,270975.0,0
2441.0,17,16,74329.0,0
2442.0,169,25,108545.0,0
2443.0,20,10,73419.0,0
2444.0,13,20,59211.0,0
2445.0,169,16,69374.0,0
2446.0,49,2,88440.0,0
2447.0,9,16,86186.0,0
2448.0,11,9,43839.0,0
2449.0,94,6,155976.0,0
2450.0,29,12,114576.0,0
2451.0,16,13,68935.0,0
2452.0,45,25,93001.0,0
2453.0,26,1,5160.0,0
2454.0,18,30,105920.0,0
2455.0,51,6,35815.0,0
2456.0,27,50,200814.0,0
2457.0,80,5,45748.0,0
2458.0,114,7,20422.0,0
2459.0,51,11,43417.0,0
2460.0,16,20,303601.0,0
2461.0,70,8,39048.0,0
2462.0,220,1,13968.0,0
2463.0,100,24,85208.0,0
2464.0,297,8,21026.0,0
2465.0,11,39,334548.0,0
2466.0,13,38,367569.0,0
2467.0,15,36,237867.0,0
2468.0,13,18,58733.0,0
2469.0,9,34,451567.0,0
2470.0,50,10,84261.0,0
2471.0,53,7,46356.0,0
2472.0,9,22,142836.0,0
2473.0,50,27,182134.0,0
2474.0,9,36,118456.0,0
2475.0,119,6,26987.0,0
2476.0,10,71,361204.0,0
2477.0,121,6,29186.0,0
2478.0,5,13,40776.0,0
2479.0,107,2,15372.0,0
2480.0,9,8,26994.0,0
2481.0,1,54,719118.0,4
2482.0,267,10,51802.0,0
2483.0,9,69,311700.0,0
2484.0,21,8,37754.0,0
2485.0,174,10,82501.0,0
2486.0,3,32,200480.0,0
2487.0,266,4,24768.0,0
2488.0,14,30,280591.0,0
2489.0,203,5,18864.0,0
2490.0,10,22,111470.0,0
2491.0,9,38,124914.0,0
2492.0,45,65,396965.0,0
2493.0,139,3,20033.0,0
2494.0,14,31,127475.0,0
2495.0,144,15,40232.0,0
2496.0,20,15,41596.0,0
2497.0,146,36,158934.0,0
2498.0,239,5,19030.0,0
2499.0,9,130,643420.0,4
2500.0,25,10,75094.0,0
2501.0,20,10,66637.0,0
2502.0,9,31,257542.0,0
2503.0,365,10,24292.0,0
2504.0,108,9,25560.0,0
2505.0,20,10,52646.0,0
2506.0,16,68,677311.0,4
2507.0,52,4,-14575.0,0
2508.0,205,5,7980.0,0
2509.0,40,27,148745.0,0
2510.0,214,12,40426.0,0
2511.0,17,6,18424.0,0
2512.0,115,12,152639.0,0
2513.0,14,43,143854.0,0
2514.0,10,99,620479.0,4
2515.0,40,6,59680.0,0
2516.0,51,7,23444.0,0
2517.0,9,32,88210.0,0
2518.0,85,3,5376.0,0
2519.0,9,33,125747.0,0
2520.0,142,10,23791.0,0
2521.0,12,27,121126.0,0
2522.0,50,10,17550.0,0
2524.0,3,66,331826.0,0
2525.0,11,68,365592.0,0
2526.0,18,1,13968.0,0
2527.0,51,17,55293.0,0
2528.0,3,59,305274.0,0
2529.0,10,40,64540.0,0
2530.0,10,18,95684.0,0
2531.0,26,7,22333.0,0
2532.0,220,5,28544.0,0
2533.0,10,17,70712.0,0
2534.0,9,20,117683.0,0
2535.0,12,38,418511.0,0
2536.0,10,8,39472.0,0
2537.0,116,19,77629.0,0
2538.0,10,73,5044512.0,2
2539.0,7,7,73949.0,0
2540.0,10,10,31453.0,0
2541.0,46,6,14120.0,0
2542.0,134,9,32798.0,0
2543.0,243,14,120164.0,0
2544.0,14,17,58423.0,0
2545.0,18,16,42315.0,0
2546.0,11,21,301242.0,0
2547.0,20,10,40134.0,0
2548.0,9,37,311225.0,0
2549.0,50,28,663374.0,4
2550.0,10,20,123233.0,0
2551.0,359,9,57864.0,0
2552.0,20,10,26199.0,0
2553.0,51,18,194369.0,0
2554.0,21,12,117993.0,0
2555.0,150,10,86463.0,0
2556.0,2,65,310503.0,0
2557.0,18,7,251328.0,0
2558.0,14,26,137562.0,0
2559.0,16,18,87156.0,0
2560.0,10,22,131835.0,0
2562.0,52,6,63054.0,0
2563.0,2,103,540270.0,0
2564.0,10,98,713169.0,4
2565.0,17,18,110694.0,0
2566.0,51,16,107534.0,0
2567.0,18,38,436757.0,0
2568.0,9,25,54787.0,0
2569.0,81,39,152946.0,0
2570.0,22,50,265224.0,0
2571.0,13,22,215951.0,0
2572.0,208,16,164199.0,0
2573.0,9,27,234402.0,0
2574.0,10,27,318572.0,0
2575.0,17,38,256264.0,0
2576.0,293,10,25874.0,0
2577.0,10,18,67494.0,0
2578.0,4,18,109130.0,0
2579.0,19,5,-50372.0,0
2580.0,173,9,64792.0,0
2581.0,55,19,216614.0,0
2582.0,15,74,205765.0,0
2583.0,41,17,106086.0,0
2584.0,9,11,72753.0,0
2585.0,12,24,135280.0,0
2586.0,107,10,106292.0,0
2587.0,17,31,271814.0,0
2588.0,50,28,117711.0,0
2589.0,51,6,12748.0,0
2590.0,10,10,47824.0,0
2591.0,10,79,3243332.0,4
2592.0,9,30,137140.0,0
2593.0,59,17,55309.0,0
2594.0,15,27,168376.0,0
2595.0,18,7,13631.0,0
2596.0,50,6,21384.0,0
2597.0,19,69,460112.0,0
2598.0,39,13,49990.0,0
2599.0,20,20,39319.0,0
2600.0,190,10,19122.0,0
2601.0,52,9,18697.0,0
2602.0,5,54,354165.0,0
2603.0,14,34,96442.0,0
2604.0,5,146,2139358.0,4
2605.0,21,6,47738.0,0
2606.0,10,49,202556.0,0
2607.0,11,60,121247.0,0
2608.0,20,51,446593.0,0
2609.0,38,36,111079.0,0
2610.0,26,11,7833.0,0
2611.0,11,18,270114.0,0
2612.0,15,24,104608.0,0
2613.0,102,10,28855.0,0
2614.0,6,130,481769.0,0
2615.0,17,8,23647.0,0
2616.0,9,10,53659.0,0
2617.0,20,10,48652.0,0
2618.0,10,44,562737.0,0
2619.0,2,19,67674.0,0
2620.0,370,10,43307.0,0
2621.0,79,13,51641.0,0
2622.0,204,15,61366.0,0
2623.0,3,18,50777.0,0
2624.0,11,9,40134.0,0
2625.0,10,8,25046.0,0
2626.0,82,6,16884.0,0
2627.0,13,20,52340.0,0
2628.0,168,10,76084.0,0
2629.0,77,13,33100.0,0
2630.0,150,6,22317.0,0
2631.0,136,10,30997.0,0
2632.0,2,26,167780.0,0
2633.0,369,3,8037.0,0
2634.0,24,10,46465.0,0
2635.0,13,28,57860.0,0
2636.0,9,44,605585.0,0
2637.0,38,10,21842.0,0
2638.0,10,43,178345.0,0
2639.0,4,30,121689.0,0
2640.0,174,5,21188.0,0
2641.0,1,77,173554.0,0
2642.0,179,14,32958.0,0
2643.0,9,61,189204.0,0
2644.0,16,7,13716.0,0
2645.0,44,17,40332.0,0
2646.0,20,20,90570.0,0
2647.0,13,10,21906.0,0
2648.0,173,9,41978.0,0
2649.0,403,7,43694.0,0
2650.0,373,10,21015.0,0
2651.0,167,8,24747.0,0
2652.0,10,10,49673.0,0
2653.0,5,62,372260.0,0
2654.0,22,29,159253.0,0
2655.0,240,7,17226.0,0
2656.0,40,4,17513.0,0
2657.0,117,14,51188.0,0
2658.0,16,59,848097.0,4
2659.0,262,1,3708.0,0
2660.0,134,9,45716.0,0
2661.0,78,5,35718.0,0
2662.0,367,2,19784.0,0
2663.0,83,9,217510.0,0
2664.0,38,19,124346.0,0
2665.0,24,12,48880.0,0
2666.0,6,39,206209.0,0
2667.0,3,22,85894.0,0
2668.0,9,35,102097.0,0
2669.0,10,55,210559.0,0
2670.0,10,73,550667.0,0
2671.0,9,10,53182.0,0
2672.0,82,6,12342.0,0
2673.0,20,14,62196.0,0
2674.0,9,26,106920.0,0
2675.0,24,20,52201.0,0
2676.0,3,15,63546.0,0
2677.0,18,8,37072.0,0
2678.0,22,31,499878.0,0
2679.0,242,2,35737.0,0
2680.0,11,64,450968.0,0
2681.0,85,10,50685.0,0
2682.0,15,20,57370.0,0
2683.0,20,20,159927.0,0
2684.0,81,10,162358.0,0
2685.0,90,17,325058.0,0
2686.0,26,52,445292.0,0
2687.0,23,31,198502.0,0
2688.0,3,65,387237.0,0
2689.0,12,16,164242.0,0
2690.0,31,9,29944.0,0
2691.0,20,35,217497.0,0
2692.0,20,10,25210.0,0
2693.0,50,18,100890.0,0
2694.0,7,2,5044.0,0
2695.0,9,45,371808.0,0
2696.0,55,10,51379.0,0
2697.0,89,52,121921.0,0
2698.0,9,50,413555.0,0
2700.0,9,31,328544.0,0
2701.0,14,30,75929.0,0
2702.0,212,6,16049.0,0
2703.0,10,40,234201.0,0
2704.0,24,19,62454.0,0
2705.0,9,21,116827.0,0
2706.0,16,20,50154.0,0
2707.0,9,113,440700.0,0
2708.0,9,30,180078.0,0
2709.0,5,90,3035863.0,4
2710.0,13,26,78024.0,0
2711.0,4,30,113873.0,0
2712.0,4,66,179860.0,0
2713.0,50,10,26458.0,0
2714.0,100,17,51509.0,0
2715.0,4,65,445913.0,0
2716.0,10,18,111136.0,0
2717.0,264,10,75982.0,0
2718.0,50,28,91172.0,0
2719.0,20,10,47878.0,0
2720.0,30,9,61750.0,0
2721.0,50,10,34846.0,0
2722.0,18,15,147223.0,0
2723.0,10,148,5754682.0,2
2724.0,18,10,44172.0,0
2725.0,11,20,75550.0,0
2726.0,6,173,1044599.0,4
2727.0,19,16,57229.0,0
2728.0,88,16,113622.0,0
2729.0,18,24,109698.0,0
2730.0,130,16,59242.0,0
2731.0,10,28,164893.0,0
2732.0,33,5,245476.0,0
2733.0,23,35,151874.0,0
2734.0,16,22,101691.0,0
2735.0,16,35,180043.0,0
2736.0,90,6,31384.0,0
2737.0,50,22,145860.0,0
2738.0,175,6,26358.0,0
2739.0,55,9,50292.0,0
2740.0,9,20,230547.0,0
2741.0,146,10,95153.0,0
2742.0,45,6,14489.0,0
2743.0,50,10,81782.0,0
2744.0,7,49,258136.0,0
2745.0,10,53,176559.0,0
2746.0,277,1,-3069.0,0
2747.0,99,28,161666.0,0
2748.0,264,9,46572.0,0
2749.0,366,10,47133.0,0
2750.0,9,40,200773.0,0
2751.0,9,13,105656.0,0
2752.0,51,8,43912.0,0
2753.0,200,9,66708.0,0
2754.0,299,2,12744.0,0
2755.0,4,62,287897.0,0
2756.0,200,1,9376.0,0
2757.0,21,14,169431.0,0
2758.0,82,10,21520.0,0
2759.0,14,48,349151.0,0
2760.0,72,18,175602.0,0
2761.0,300,10,54832.0,0
2762.0,25,47,131409.0,0
2763.0,11,28,140110.0,0
2764.0,43,9,39579.0,0
2765.0,107,29,111718.0,0
2766.0,116,1,2100.0,0
2767.0,9,31,138643.0,0
2768.0,265,8,38200.0,0
2769.0,241,6,23935.0,0
2770.0,12,44,223635.0,0
2771.0,52,21,95948.0,0
2772.0,54,16,164172.0,0
2773.0,12,23,227112.0,0
2774.0,13,30,171170.0,0
2775.0,10,10,37344.0,0
2776.0,16,8,54198.0,0
2777.0,40,6,14724.0,0
2778.0,11,21,371084.0,0
2779.0,85,10,115194.0,0
2780.0,15,11,98340.0,0
2781.0,48,30,170786.0,0
2782.0,19,14,58218.0,0
2783.0,44,7,23673.0,0
2784.0,175,4,15784.0,0
2785.0,15,75,217121.0,0
2786.0,209,11,71521.0,0
2787.0,14,10,30389.0,0
2788.0,69,11,55740.0,0
2789.0,10,10,176695.0,0
2790.0,15,20,114088.0,0
2791.0,113,25,126900.0,0
2792.0,53,7,41074.0,0
2793.0,232,8,20410.0,0
2794.0,368,9,33888.0,0
2795.0,9,37,745905.0,4
2796.0,70,10,84640.0,0
2797.0,9,39,234945.0,0
2798.0,52,33,431200.0,0
2799.0,4,169,1862565.0,4
2800.0,22,19,80239.0,0
2801.0,264,10,61196.0,0
2802.0,60,20,94538.0,0
2803.0,464,1,-831.0,0
2804.0,21,21,78464.0,0
2805.0,10,18,115066.0,0
2806.0,89,9,75889.0,0
2807.0,16,10,73369.0,0
2808.0,4,50,291208.0,0
2809.0,251,1,18160.0,0
2810.0,12,107,521610.0,0
2811.0,166,16,93665.0,0
2812.0,142,8,50301.0,0
2813.0,306,1,14328.0,0
2814.0,6,12,48504.0,0
2815.0,12,57,240588.0,0
2816.0,269,10,222850.0,0
2817.0,44,39,235829.0,0
2818.0,13,71,369904.0,0
2819.0,24,14,90622.0,0
2820.0,47,8,49072.0,0
2821.0,40,14,169222.0,0
2822.0,2,150,662755.0,4
2823.0,169,2,4022.0,0
2824.0,236,5,97873.0,0
2825.0,20,18,101389.0,0
2826.0,12,77,466956.0,0
2827.0,9,38,257999.0,0
2828.0,14,54,263729.0,0
2829.0,61,3,8070.0,0
2830.0,41,30,157257.0,0
2831.0,11,38,170200.0,0
2832.0,13,13,131800.0,0
2833.0,11,33,127367.0,0
2834.0,52,8,38536.0,0
2835.0,142,6,24684.0,0
2836.0,10,6,27602.0,0
2837.0,12,62,1339400.0,4
2838.0,81,7,39478.0,0
2839.0,42,19,855461.0,4
2840.0,10,9,40174.0,0
2841.0,10,29,146796.0,0
2842.0,22,12,65303.0,0
2843.0,10,84,550788.0,0
2844.0,9,98,941377.0,4
2845.0,16,33,140508.0,0
2846.0,20,9,27300.0,0
2847.0,50,5,26436.0,0
2848.0,3,62,651200.0,4
2849.0,237,9,44311.0,0
2850.0,81,7,48552.0,0
2851.0,5,20,135244.0,0
2852.0,4,40,245317.0,0
2853.0,361,7,49208.0,0
2854.0,59,25,70304.0,0
2855.0,24,10,53737.0,0
2856.0,9,29,100801.0,0
2857.0,12,31,69915.0,0
2858.0,26,9,45412.0,0
2859.0,50,20,86813.0,0
2860.0,14,29,147561.0,0
2861.0,3,67,952138.0,4
2862.0,89,8,60294.0,0
2863.0,20,18,77752.0,0
2864.0,83,4,17310.0,0
2865.0,46,21,128257.0,0
2866.0,81,10,29233.0,0
2867.0,268,10,105563.0,0
2868.0,47,12,30543.0,0
2869.0,30,48,401237.0,0
2870.0,9,27,118323.0,0
2871.0,262,10,103734.0,0
2872.0,16,35,192044.0,0
2873.0,17,31,133144.0,0
2874.0,211,7,36966.0,0
2875.0,106,6,32970.0,0
2876.0,88,19,119004.0,0
2877.0,14,17,72124.0,0
2878.0,15,22,124714.0,0
2879.0,81,18,50309.0,0
2880.0,14,28,101045.0,0
2881.0,81,8,52358.0,0
2882.0,14,14,47926.0,0
2883.0,25,26,455525.0,0
2884.0,11,109,335176.0,0
2885.0,9,69,457277.0,0
2886.0,9,16,46405.0,0
2887.0,212,19,195538.0,0
2888.0,12,31,175995.0,0
2889.0,173,8,21387.0,0
2890.0,64,3,19650.0,0
2891.0,53,33,221259.0,0
2892.0,264,16,50692.0,0
2893.0,367,9,-38138.0,0
2894.0,10,20,529764.0,0
2895.0,16,81,331835.0,0
2896.0,260,9,104010.0,0
2897.0,177,2,4859.0,0
2898.0,15,40,670301.0,4
2899.0,51,7,116825.0,0
2900.0,16,40,91129.0,0
2901.0,361,3,-3268.0,0
2902.0,13,76,660555.0,4
2903.0,81,33,106260.0,0
2904.0,81,10,93077.0,0
2905.0,354,10,146451.0,0
2906.0,8,37,191760.0,0
2907.0,117,8,56421.0,0
2908.0,403,10,41179.0,0
2909.0,197,10,77529.0,0
2910.0,177,5,110868.0,0
2911.0,11,11,59477.0,0
2912.0,22,29,204098.0,0
2913.0,82,7,257648.0,0
2914.0,49,7,22909.0,0
2915.0,7,42,213834.0,0
2916.0,9,20,103808.0,0
2917.0,174,7,18412.0,0
2918.0,12,9,37601.0,0
2919.0,22,51,272688.0,0
2920.0,10,33,182104.0,0
2921.0,46,10,37304.0,0
2922.0,23,18,69082.0,0
2923.0,12,9,28954.0,0
2924.0,19,32,653050.0,4
2925.0,142,8,49172.0,0
2926.0,18,20,84965.0,0
2927.0,264,1,37000.0,0
2928.0,41,21,89621.0,0
2929.0,20,18,80726.0,0
2930.0,5,10,39061.0,0
2931.0,331,9,26600.0,0
2932.0,10,53,361868.0,0
2933.0,43,24,179956.0,0
2934.0,9,8,43982.0,0
2935.0,15,2,43056.0,0
2936.0,15,15,136474.0,0
2937.0,81,13,29088.0,0
2938.0,2,16,45861.0,0
2939.0,228,1,23750.0,0
2940.0,12,20,55678.0,0
2941.0,13,17,62464.0,0
2942.0,6,118,342397.0,0
2943.0,20,60,525295.0,0
2944.0,20,19,27606.0,0
2945.0,9,59,199535.0,0
2946.0,17,24,1448208.0,4
2947.0,37,8,20362.0,0
2948.0,13,9,27120.0,0
2949.0,78,8,11915.0,0
2950.0,111,10,81573.0,0
2951.0,25,25,255185.0,0
2952.0,84,15,40997.0,0
2953.0,20,10,47644.0,0
2954.0,13,2,10674.0,0
2955.0,50,9,72533.0,0
2956.0,20,19,106483.0,0
2957.0,9,51,195058.0,0
2958.0,292,7,5798.0,0
2959.0,10,32,134881.0,0
2960.0,19,5,20380.0,0
2961.0,9,15,64118.0,0
2962.0,9,57,769126.0,4
2963.0,65,10,46831.0,0
2964.0,17,18,25595.0,0
2965.0,9,18,78984.0,0
2966.0,2,35,264813.0,0
2967.0,8,43,229316.0,0
2968.0,5,58,443772.0,0
2969.0,25,34,111914.0,0
2970.0,10,30,80419.0,0
2971.0,55,4,14180.0,0
2972.0,20,18,83408.0,0
2973.0,22,36,179530.0,0
2974.0,21,7,48036.0,0
2975.0,9,20,110631.0,0
2976.0,3,20,62530.0,0
2977.0,20,28,204424.0,0
2978.0,14,40,163300.0,0
2979.0,9,10,45106.0,0
2980.0,10,18,57238.0,0
2981.0,20,19,136917.0,0
2982.0,268,4,88140.0,0
2983.0,18,15,51182.0,0
2984.0,5,37,287498.0,0
2985.0,10,9,163178.0,0
2986.0,81,20,86584.0,0
2987.0,11,15,72480.0,0
2988.0,10,29,69213.0,0
2989.0,9,13,42015.0,0
2990.0,329,3,13168.0,0
2991.0,54,22,219191.0,0
2992.0,270,10,32780.0,0
2993.0,3,115,371895.0,0
2994.0,46,47,278652.0,0
2995.0,10,46,225109.0,0
2996.0,13,24,205444.0,0
2997.0,20,20,54448.0,0
2998.0,11,10,41275.0,0
2999.0,2,104,601766.0,0
3000.0,268,13,39584.0,0
3001.0,48,10,20029.0,0
3002.0,101,8,54904.0,0
3003.0,48,5,33756.0,0
3004.0,20,10,23362.0,0
3005.0,16,69,273686.0,0
3006.0,9,49,273260.0,0
3007.0,20,19,27448.0,0
3008.0,54,9,18987.0,0
3009.0,57,10,34447.0,0
3010.0,23,5,14333.0,0
3011.0,50,10,29210.0,0
3012.0,27,26,136687.0,0
3013.0,11,29,80862.0,0
3014.0,12,32,121764.0,0
3015.0,9,212,5094946.0,2
3016.0,25,9,44294.0,0
3017.0,110,5,12170.0,0
3018.0,18,9,43146.0,0
3019.0,3,62,256284.0,0
3020.0,108,8,30820.0,0
3021.0,85,1,-382.0,0
3022.0,111,2,28507.0,0
3023.0,59,5,34727.0,0
3024.0,15,20,85782.0,0
3025.0,10,7,45888.0,0
3026.0,9,7,25517.0,0
3027.0,9,48,193443.0,0
3028.0,6,43,104993.0,0
3029.0,8,50,465064.0,0
3030.0,71,13,46056.0,0
3031.0,2,29,83447.0,0
3032.0,11,37,90760.0,0
3033.0,9,10,29355.0,0
3034.0,212,2,388.0,0
3035.0,142,10,38148.0,0
3036.0,203,10,22390.0,0
3037.0,17,18,84834.0,0
3038.0,151,6,40792.0,0
3039.0,88,8,32861.0,0
3040.0,132,1,734.0,0
3041.0,10,49,229732.0,0
3042.0,18,39,280874.0,0
3043.0,15,8,26288.0,0
3044.0,7,127,458410.0,0
3045.0,30,27,120173.0,0
3046.0,179,9,17486.0,0
3047.0,83,4,10348.0,0
3048.0,9,29,196754.0,0
3049.0,20,30,185437.0,0
3050.0,9,62,199772.0,0
3051.0,83,2,10559.0,0
3052.0,16,30,78220.0,0
3053.0,52,40,99260.0,0
3054.0,17,7,29306.0,0
3055.0,19,15,41747.0,0
3056.0,8,56,225110.0,0
3057.0,17,16,69768.0,0
3058.0,10,59,320997.0,0
3059.0,10,13,43804.0,0
3060.0,20,10,35167.0,0
3061.0,81,10,100727.0,0
3062.0,20,8,39044.0,0
3063.0,75,10,15618.0,0
3064.0,14,15,48715.0,0
3065.0,81,10,46786.0,0
3066.0,9,23,77670.0,0
3067.0,50,10,93821.0,0
3068.0,81,35,184573.0,0
3069.0,297,10,123730.0,0
3070.0,4,20,85755.0,0
3071.0,38,32,206399.0,0
3072.0,19,41,372281.0,0
3073.0,74,9,10769.0,0
3074.0,361,11,37853.0,0
3075.0,8,10,46376.0,0
3076.0,15,38,172300.0,0
3077.0,26,10,75908.0,0
3078.0,9,2,115056.0,0
3079.0,21,3,11112.0,0
3080.0,298,9,39173.0,0
3081.0,373,8,31095.0,0
3082.0,22,29,119251.0,0
3083.0,20,15,109779.0,0
3084.0,11,46,196078.0,0
3085.0,31,5,12046.0,0
3086.0,17,7,20097.0,0
3087.0,10,18,61942.0,0
3088.0,28,9,23637.0,0
3089.0,14,30,133424.0,0
3090.0,2,139,1138448.0,4
3091.0,5,130,1611744.0,4
3092.0,173,8,34920.0,0
3093.0,82,9,27954.0,0
3094.0,4,8,35499.0,0
3095.0,14,10,55492.0,0
3096.0,12,48,168003.0,0
3097.0,145,1,54144.0,0
3098.0,10,30,130082.0,0
3099.0,6,10,81238.0,0
3100.0,111,10,67087.0,0
3101.0,4,26,166627.0,0
3102.0,54,3,13588.0,0
3103.0,173,2,36648.0,0
3104.0,261,15,99651.0,0
3105.0,9,78,531891.0,0
3106.0,14,51,306174.0,0
3107.0,11,21,133577.0,0
3108.0,16,14,47281.0,0
3109.0,17,47,789349.0,4
3110.0,4,31,81662.0,0
3111.0,9,11,36701.0,0
3112.0,10,65,422307.0,0
3113.0,26,9,34969.0,0
3114.0,1,182,1097886.0,4
3115.0,27,18,105616.0,0
3116.0,7,15,65615.0,0
3117.0,54,9,134462.0,0
3118.0,365,2,18035.0,0
3119.0,20,13,77492.0,0
3120.0,19,14,116957.0,0
3121.0,4,4,17489.0,0
3122.0,12,70,461206.0,0
3123.0,4,42,181384.0,0
3124.0,12,29,124323.0,0
3125.0,85,20,84483.0,0
3126.0,81,10,61960.0,0
3127.0,369,1,-3336.0,0
3128.0,14,8,13166.0,0
3129.0,115,5,42924.0,0
3130.0,403,8,28602.0,0
3131.0,82,14,105300.0,0
3132.0,16,7,51949.0,0
3133.0,234,8,27140.0,0
3134.0,43,21,60393.0,0
3135.0,10,7,23100.0,0
3136.0,5,80,551080.0,0
3137.0,44,14,38760.0,0
3138.0,81,10,21308.0,0
3139.0,10,10,54245.0,0
3140.0,21,9,30020.0,0
3141.0,5,6,19356.0,0
3142.0,108,8,18162.0,0
3143.0,5,42,136385.0,0
3144.0,50,9,32543.0,0
3145.0,9,10,65501.0,0
3146.0,11,17,71675.0,0
3147.0,9,94,461643.0,0
3148.0,15,70,667322.0,4
3149.0,106,4,10530.0,0
3150.0,14,9,14447.0,0
3151.0,9,33,146993.0,0
3152.0,71,10,77773.0,0
3153.0,14,8,63119.0,0
3154.0,20,18,69203.0,0
3155.0,236,4,21501.0,0
3156.0,9,32,321352.0,0
3157.0,138,9,25428.0,0
3158.0,6,7,23410.0,0
3159.0,15,22,97077.0,0
3160.0,77,4,15204.0,0
3161.0,81,19,109831.0,0
3162.0,17,10,41551.0,0
3163.0,1,86,567483.0,0
3164.0,83,7,39419.0,0
3165.0,9,48,282697.0,0
3166.0,11,16,70407.0,0
3167.0,20,50,341703.0,0
3168.0,45,6,25108.0,0
3169.0,9,36,153936.0,0
3170.0,24,52,228186.0,0
3171.0,9,24,140722.0,0
3172.0,113,8,33334.0,0
3173.0,5,18,93204.0,0
3174.0,16,9,64363.0,0
3175.0,15,17,124130.0,0
3176.0,173,9,29753.0,0
3177.0,50,10,38324.0,0
3178.0,81,10,70388.0,0
3179.0,15,43,839645.0,4
3180.0,40,16,151704.0,0
3181.0,44,21,73748.0,0
3182.0,9,55,507784.0,0
3183.0,27,59,1344984.0,4
3184.0,24,40,159914.0,0
3185.0,373,5,13708.0,0
3186.0,228,2,8688.0,0
3187.0,20,11,157439.0,0
3188.0,363,5,17591.0,0
3189.0,20,10,23720.0,0
3190.0,10,19,71747.0,0
3191.0,15,17,49638.0,0
3192.0,24,20,185962.0,0
3193.0,9,87,532160.0,0
3194.0,32,5,195229.0,0
3195.0,3,75,955219.0,4
3196.0,11,20,41568.0,0
3197.0,9,40,184540.0,0
3198.0,3,90,425005.0,0
3199.0,403,3,14783.0,0
3200.0,50,4,23316.0,0
3201.0,77,26,246345.0,0
3202.0,5,24,154140.0,0
3203.0,5,99,8102167.0,2
3204.0,10,10,49312.0,0
3205.0,11,61,410836.0,0
3206.0,2,27,165181.0,0
3207.0,82,10,54200.0,0
3208.0,51,10,27336.0,0
3209.0,351,1,875.0,0
3210.0,10,20,60477.0,0
3211.0,15,8,73116.0,0
3212.0,242,9,12778.0,0
3213.0,138,4,143160.0,0
3214.0,9,120,700452.0,4
3215.0,13,83,878911.0,4
3216.0,2,105,1680015.0,4
3217.0,9,28,65414.0,0
3218.0,50,10,80616.0,0
3219.0,16,30,341161.0,0
3220.0,15,80,344984.0,0
3221.0,4,16,209357.0,0
3222.0,11,76,449622.0,0
3223.0,10,129,895957.0,4
3224.0,76,11,148807.0,0
3225.0,81,9,63310.0,0
3226.0,79,2,93600.0,0
3227.0,9,70,401539.0,0
3228.0,370,10,87845.0,0
3229.0,20,66,240432.0,0
3230.0,27,10,24018.0,0
3231.0,264,10,36747.0,0
3232.0,10,99,702806.0,4
3233.0,92,11,72472.0,0
3234.0,18,51,89756.0,0
3235.0,27,35,191539.0,0
3236.0,365,10,35727.0,0
3237.0,50,39,140091.0,0
3238.0,13,159,1016457.0,4
3239.0,53,28,121040.0,0
3240.0,9,10,79455.0,0
3241.0,53,20,86255.0,0
3242.0,11,39,303434.0,0
3243.0,58,1,51552.0,0
3244.0,307,1,501.0,0
3245.0,176,10,37501.0,0
3246.0,52,2,-4064.0,0
3247.0,9,61,323177.0,0
3248.0,9,67,170453.0,0
3249.0,11,133,1034416.0,4
3250.0,5,147,895567.0,4
3251.0,9,21,110847.0,0
3252.0,9,37,201032.0,0
3253.0,42,38,73890.0,0
3254.0,9,10,142053.0,0
3255.0,434,5,23431.0,0
3256.0,59,10,33918.0,0
3258.0,115,28,209496.0,0
3259.0,15,8,30532.0,0
3260.0,262,5,16365.0,0
3261.0,10,9,48816.0,0
3262.0,8,19,105703.0,0
3263.0,11,7,48581.0,0
3264.0,20,24,177858.0,0
3265.0,188,11,80236.0,0
3266.0,4,111,338555.0,0
3267.0,299,1,3552.0,0
3268.0,17,10,145894.0,0
3269.0,9,70,777635.0,4
3270.0,50,25,54933.0,0
3271.0,264,10,41932.0,0
3272.0,58,40,97166.0,0
3273.0,9,47,296617.0,0
3274.0,58,9,26400.0,0
3275.0,10,31,81944.0,0
3276.0,43,80,190347.0,0
3277.0,10,10,50889.0,0
3278.0,81,16,25911.0,0
3279.0,47,10,34442.0,0
3280.0,3,155,1318131.0,4
3281.0,72,19,56899.0,0
3282.0,368,10,34600.0,0
3283.0,9,76,258588.0,0
3284.0,22,2,12000.0,0
3285.0,12,20,75000.0,0
3286.0,130,5,9998.0,0
3287.0,4,30,202509.0,0
3288.0,9,60,208505.0,0
3289.0,17,7,13624.0,0
3290.0,58,10,29688.0,0
3291.0,2,74,168258.0,0
3292.0,366,10,54287.0,0
3293.0,11,9,39270.0,0
3294.0,20,10,146478.0,0
3295.0,17,38,103676.0,0
3296.0,10,9,48005.0,0
3297.0,24,18,66257.0,0
3298.0,174,20,69302.0,0
3299.0,15,34,95733.0,0
3300.0,15,26,150294.0,0
3301.0,17,14,40258.0,0
3302.0,24,44,123997.0,0
3303.0,75,10,34632.0,0
3304.0,5,15,79425.0,0
3305.0,361,7,52538.0,0
3306.0,11,94,256988.0,0
3307.0,13,154,785712.0,4
3308.0,109,17,56544.0,0
3309.0,4,52,183875.0,0
3310.0,11,74,435138.0,0
3311.0,11,9,59751.0,0
3312.0,198,10,42323.0,0
3313.0,20,15,60878.0,0
3314.0,14,14,111816.0,0
3315.0,52,10,40409.0,0
3316.0,113,6,15182.0,0
3317.0,13,8,23474.0,0
3318.0,39,10,45546.0,0
3319.0,14,9,21842.0,0
3320.0,2,24,134791.0,0
3321.0,198,10,60636.0,0
3322.0,134,10,21583.0,0
3323.0,70,9,33315.0,0
3324.0,9,51,396518.0,0
3325.0,200,14,68983.0,0
3326.0,9,172,2009637.0,4
3327.0,9,52,282177.0,0
3328.0,13,27,156323.0,0
3329.0,10,102,1527232.0,4
3330.0,53,6,25652.0,0
3331.0,51,6,23600.0,0
3332.0,53,7,39716.0,0
3333.0,105,6,13967.0,0
3334.0,19,9,42776.0,0
3335.0,8,15,46294.0,0
3336.0,130,7,17285.0,0
3337.0,25,12,39303.0,0
3338.0,23,2,4170.0,0
3339.0,369,8,38147.0,0
3340.0,111,26,84744.0,0
3341.0,10,7,23336.0,0
3342.0,9,16,70264.0,0
3343.0,43,11,24230.0,0
3344.0,23,37,105856.0,0
3345.0,11,46,339755.0,0
3346.0,75,6,93775.0,0
3347.0,5,67,907588.0,4
3348.0,10,42,252607.0,0
3349.0,13,52,108853.0,0
3350.0,26,5,-198.0,0
3351.0,9,53,190440.0,0
3352.0,71,1,46200.0,0
3353.0,10,18,96178.0,0
3354.0,14,18,32996.0,0
3355.0,9,8,58859.0,0
3356.0,20,27,56705.0,0
3357.0,9,10,26010.0,0
3358.0,16,30,204321.0,0
3359.0,2,49,95517.0,0
3360.0,2,40,60981.0,0
3361.0,367,10,17894.0,0
3362.0,10,10,27245.0,0
3363.0,109,18,24198.0,0
3364.0,27,30,59773.0,0
3365.0,8,52,155659.0,0
3366.0,10,16,127019.0,0
3367.0,117,10,203120.0,0
3368.0,9,10,48181.0,0
3369.0,5,130,486006.0,0
3370.0,6,53,381673.0,0
3371.0,16,30,72422.0,0
3372.0,9,46,111196.0,0
3373.0,10,10,48252.0,0
3374.0,5,59,196963.0,0
3375.0,9,50,304155.0,0
3376.0,261,4,14310.0,0
3377.0,9,10,29666.0,0
3378.0,16,31,69155.0,0
3379.0,24,20,81403.0,0
3380.0,17,6,50104.0,0
3381.0,10,40,136356.0,0
3382.0,13,91,330978.0,0
3383.0,10,10,24330.0,0
3384.0,10,149,844961.0,4
3385.0,10,29,98257.0,0
3386.0,373,7,24747.0,0
3387.0,47,6,67238.0,0
3388.0,11,98,382340.0,0
3389.0,4,46,177644.0,0
3390.0,10,19,54681.0,0
3391.0,6,191,623311.0,4
3392.0,54,10,20798.0,0
3393.0,2,19,65348.0,0
3394.0,55,10,115947.0,0
3395.0,26,10,36216.0,0
3396.0,18,27,241304.0,0
3397.0,53,30,420668.0,0
3398.0,9,77,231432.0,0
3399.0,212,19,89272.0,0
3400.0,9,107,579088.0,0
3401.0,236,8,52890.0,0
3402.0,142,13,155020.0,0
3403.0,4,37,168952.0,0
3404.0,12,19,148561.0,0
3405.0,18,20,188035.0,0
3406.0,111,9,21431.0,0
3407.0,32,1,2650.0,0
3408.0,3,40,267687.0,0
3409.0,14,18,59790.0,0
3410.0,21,10,35299.0,0
3411.0,47,10,52214.0,0
3412.0,88,6,14875.0,0
3413.0,10,30,64915.0,0
3414.0,117,7,27795.0,0
3415.0,44,7,12983.0,0
3416.0,168,10,29149.0,0
3417.0,21,25,305937.0,0
3418.0,14,8,48144.0,0
3419.0,6,16,59862.0,0
3420.0,44,23,103922.0,0
3421.0,39,10,39507.0,0
3422.0,270,2,30496.0,0
3423.0,81,10,42687.0,0
3424.0,5,45,221484.0,0
3425.0,138,16,150642.0,0
3426.0,10,8,46490.0,0
3427.0,11,60,257501.0,0
3428.0,42,28,566469.0,0
3429.0,20,55,646880.0,4
3430.0,31,2,9570.0,0
3431.0,4,53,184826.0,0
3432.0,6,6,15299.0,0
3433.0,24,11,186771.0,0
3434.0,45,1,22500.0,0
3435.0,9,45,199562.0,0
3436.0,464,1,-209.0,0
3437.0,9,28,173896.0,0
3438.0,109,11,89960.0,0
3439.0,109,5,30502.0,0
3440.0,26,12,67781.0,0
3441.0,1,84,497679.0,0
3442.0,15,23,184459.0,0
3443.0,11,18,189031.0,0
3444.0,7,28,93684.0,0
3445.0,13,34,121262.0,0
3446.0,21,9,27146.0,0
3447.0,9,9,39090.0,0
3448.0,9,26,70221.0,0
3449.0,9,28,285553.0,0
3450.0,3,112,1178144.0,4
3451.0,50,12,100138.0,0
3452.0,20,40,168209.0,0
3453.0,9,7,11220.0,0
3454.0,41,3,10495.0,0
3455.0,10,8,48318.0,0
3456.0,105,3,21551.0,0
3457.0,78,40,107156.0,0
3458.0,117,2,86000.0,0
3459.0,10,7,19982.0,0
3460.0,13,13,50075.0,0
3461.0,15,17,129116.0,0
3462.0,20,23,92461.0,0
3463.0,18,19,47553.0,0
3464.0,83,12,157102.0,0
3465.0,9,9,12923.0,0
3466.0,143,8,51732.0,0
3467.0,27,28,164007.0,0
3468.0,4,41,155405.0,0
3469.0,9,35,231136.0,0
3470.0,29,9,106861.0,0
3471.0,74,13,40584.0,0
3472.0,13,8,88420.0,0
3473.0,86,20,137379.0,0
3474.0,17,23,112915.0,0
3475.0,3,78,685748.0,4
3476.0,11,55,409514.0,0
3477.0,136,10,33570.0,0
3478.0,9,10,54930.0,0
3479.0,42,9,54197.0,0
3480.0,9,44,178362.0,0
3481.0,82,27,150427.0,0
3482.0,9,50,409403.0,0
3483.0,269,5,37026.0,0
3484.0,45,44,586469.0,0
3485.0,109,28,77554.0,0
3486.0,22,38,179507.0,0
3487.0,14,25,99205.0,0
3489.0,10,147,557246.0,0
3490.0,9,62,341424.0,0
3491.0,115,10,38214.0,0
3492.0,9,72,297606.0,0
3493.0,20,38,182424.0,0
3494.0,20,34,97267.0,0
3495.0,17,16,98993.0,0
3496.0,9,8,73894.0,0
3497.0,82,2,14148.0,0
3498.0,24,8,36288.0,0
3499.0,26,20,33075.0,0
3500.0,9,19,242570.0,0
3501.0,18,26,175036.0,0
3502.0,9,10,371588.0,0
3503.0,12,44,195212.0,0
3504.0,8,41,302762.0,0
3505.0,9,35,242485.0,0
3506.0,7,32,251172.0,0
3507.0,3,69,472820.0,0
3508.0,12,34,235181.0,0
3509.0,323,9,35190.0,0
3510.0,23,28,160559.0,0
3511.0,20,28,115732.0,0
3512.0,3,58,117519.0,0
3513.0,20,10,140644.0,0
3514.0,30,22,201536.0,0
3515.0,271,1,2738.0,0
3516.0,13,20,99140.0,0
3517.0,9,50,1332668.0,4
3518.0,9,26,115892.0,0
3519.0,166,6,18428.0,0
3520.0,50,10,36735.0,0
3521.0,6,68,86081.0,0
3522.0,38,22,99121.0,0
3523.0,200,7,15066.0,0
3524.0,262,5,21850.0,0
3525.0,8,14,79790.0,0
3526.0,234,9,38565.0,0
3527.0,121,5,18804.0,0
3528.0,74,5,47700.0,0
3529.0,14,9,36552.0,0
3530.0,51,10,39776.0,0
3531.0,13,30,133701.0,0
3532.0,19,8,19762.0,0
3533.0,6,32,293614.0,0
3534.0,20,22,515344.0,0
3535.0,116,13,46824.0,0
3536.0,9,27,168425.0,0
3537.0,17,10,45886.0,0
3538.0,10,91,1300356.0,4
3539.0,16,8,56833.0,0
3540.0,241,8,62909.0,0
3541.0,2,20,113009.0,0
3542.0,115,20,85561.0,0
3543.0,23,40,214375.0,0
3544.0,53,6,16358.0,0
3545.0,167,12,181988.0,0
3546.0,25,8,25998.0,0
3547.0,81,8,58420.0,0
3548.0,20,11,34831.0,0
3549.0,174,13,37943.0,0
3550.0,9,26,170044.0,0
3551.0,22,31,211636.0,0
3552.0,9,59,486928.0,0
3553.0,9,51,216049.0,0
3554.0,22,5,32736.0,0
3555.0,9,48,326262.0,0
3556.0,78,7,20484.0,0
3557.0,204,12,22741.0,0
3558.0,14,22,109401.0,0
3559.0,231,8,35107.0,0
3560.0,81,9,47256.0,0
3561.0,6,44,437988.0,0
3562.0,76,3,8702.0,0
3563.0,50,28,183392.0,0
3564.0,203,10,39004.0,0
3565.0,179,30,83655.0,0
3566.0,57,30,106491.0,0
3567.0,58,12,29149.0,0
3568.0,8,46,392347.0,0
3569.0,10,2,22600.0,0
3570.0,168,7,27817.0,0
3571.0,18,51,307280.0,0
3572.0,111,19,48965.0,0
3573.0,59,10,52570.0,0
3574.0,9,49,269897.0,0
3575.0,50,26,238296.0,0
3576.0,361,8,30140.0,0
3577.0,9,10,110989.0,0
3578.0,25,21,89330.0,0
3579.0,54,10,46031.0,0
3580.0,9,27,504079.0,0
3581.0,174,32,158830.0,0
3582.0,54,7,74236.0,0
3583.0,54,5,25752.0,0
3584.0,28,69,293358.0,0
3585.0,169,3,31215.0,0
3586.0,50,55,328479.0,0
3587.0,10,48,111590.0,0
3588.0,236,7,12143.0,0
3589.0,5,80,242206.0,0
3590.0,9,10,16032.0,0
3591.0,12,97,416700.0,0
3592.0,8,18,47719.0,0
3593.0,10,10,41781.0,0
3594.0,18,17,44056.0,0
3595.0,18,9,63759.0,0
3596.0,10,33,137124.0,0
3597.0,10,67,263630.0,0
3598.0,11,17,40371.0,0
3599.0,18,27,440139.0,0
3600.0,10,98,402877.0,0
3601.0,3,15,52623.0,0
3602.0,9,10,24284.0,0
3603.0,14,9,17463.0,0
3604.0,26,17,65579.0,0
3605.0,16,47,111717.0,0
3606.0,23,12,36692.0,0
3607.0,4,133,466060.0,0
3608.0,79,9,45349.0,0
3609.0,111,18,142926.0,0
3610.0,2,181,1031921.0,4
3611.0,54,10,125059.0,0
3612.0,205,6,20019.0,0
3613.0,20,10,34357.0,0
3614.0,12,10,41853.0,0
3615.0,4,20,47807.0,0
3616.0,363,10,34116.0,0
3617.0,14,11,47392.0,0
3618.0,20,8,19687.0,0
3619.0,5,20,41254.0,0
3620.0,50,20,39523.0,0
3621.0,79,13,34358.0,0
3622.0,149,20,81337.0,0
3623.0,56,9,142033.0,0
3624.0,209,9,8141.0,0
3625.0,142,19,75707.0,0
3626.0,3,20,39213.0,0
3627.0,12,10,41086.0,0
3628.0,112,6,119844.0,0
3629.0,50,31,303973.0,0
3630.0,9,9,15744.0,0
3631.0,198,18,127709.0,0
3632.0,244,7,33496.0,0
3633.0,61,7,23043.0,0
3634.0,103,17,294747.0,0
3635.0,10,52,232421.0,0
3636.0,22,10,21571.0,0
3637.0,27,57,131400.0,0
3638.0,20,34,205509.0,0
3639.0,9,21,119828.0,0
3640.0,4,20,75445.0,0
3641.0,309,1,59112.0,0
3642.0,9,67,249529.0,0
3643.0,9,20,71118.0,0
3644.0,20,10,16299.0,0
3645.0,102,12,70278.0,0
3646.0,11,28,103398.0,0
3647.0,22,10,27758.0,0
3648.0,9,42,138731.0,0
3649.0,362,10,31581.0,0
3650.0,20,58,1352873.0,4
3652.0,41,8,9806.0,0
3653.0,81,19,186949.0,0
3654.0,43,10,75499.0,0
3655.0,9,13,308328.0,0
3656.0,9,51,357826.0,0
3657.0,2,211,832207.0,4
3658.0,11,10,279774.0,0
3659.0,72,28,152076.0,0
3660.0,10,11,87225.0,0
3661.0,10,58,132306.0,0
3662.0,22,24,142258.0,0
3663.0,17,5,11706.0,0
3664.0,20,17,60680.0,0
3665.0,23,4,39746.0,0
3666.0,128,1,18272.0,0
3667.0,87,9,64371.0,0
3668.0,48,7,45270.0,0
3669.0,16,33,257748.0,0
3670.0,20,80,821263.0,4
3671.0,11,9,32916.0,0
3672.0,9,88,1519226.0,4
3673.0,13,19,101195.0,0
3674.0,357,6,21336.0,0
3675.0,50,10,19825.0,0
3676.0,11,27,71763.0,0
3677.0,4,120,336696.0,0
3678.0,88,1,41688.0,0
3679.0,9,47,188645.0,0
3680.0,180,7,21123.0,0
3681.0,38,22,153223.0,0
3682.0,9,18,65398.0,0
3683.0,104,7,242700.0,0
3684.0,51,9,201487.0,0
3685.0,48,8,27652.0,0
3686.0,25,9,46280.0,0
3687.0,18,17,46656.0,0
3688.0,20,8,24518.0,0
3689.0,14,20,74115.0,0
3690.0,14,18,55733.0,0
3691.0,79,13,43280.0,0
3692.0,1,93,580780.0,0
3693.0,19,70,724558.0,4
3694.0,239,10,22543.0,0
3695.0,19,55,193097.0,0
3696.0,11,23,68102.0,0
3697.0,20,16,48715.0,0
3698.0,10,67,170867.0,0
3699.0,50,31,82826.0,0
3700.0,15,15,52202.0,0
3701.0,79,28,55669.0,0
3702.0,48,14,25873.0,0
3703.0,9,137,506161.0,0
3704.0,20,10,74134.0,0
3705.0,10,77,2807583.0,4
3706.0,10,2,6640.0,0
3707.0,5,10,26550.0,0
3708.0,20,11,38752.0,0
3709.0,20,10,36876.0,0
3710.0,38,18,262856.0,0
3711.0,9,17,105270.0,0
3712.0,73,9,164928.0,0
3713.0,3,127,3332232.0,4
3714.0,174,3,57024.0,0
3715.0,48,18,63483.0,0
3716.0,15,4,22803.0,0
3717.0,40,20,689718.0,4
3718.0,23,10,82670.0,0
3719.0,115,21,79589.0,0
3720.0,12,36,273980.0,0
3721.0,14,38,302485.0,0
3722.0,9,9,33556.0,0
3723.0,7,78,4443946.0,2
3724.0,2,31,134008.0,0
3725.0,19,20,257443.0,0
3726.0,196,2,3423.0,0
3727.0,46,10,81568.0,0
3728.0,9,35,151807.0,0
3729.0,22,24,94706.0,0
3730.0,4,44,161808.0,0
3731.0,44,6,141440.0,0
3732.0,81,8,55861.0,0
3733.0,9,58,903847.0,4
3734.0,50,17,61055.0,0
3735.0,10,90,514265.0,0
3736.0,51,17,72000.0,0
3737.0,11,62,302325.0,0
3738.0,15,17,82829.0,0
3739.0,10,11,98938.0,0
3740.0,6,41,667964.0,4
3741.0,81,1,13378.0,0
3742.0,5,141,2172891.0,4
3743.0,12,26,78809.0,0
3744.0,9,11,32542.0,0
3745.0,109,10,56539.0,0
3746.0,20,15,49338.0,0
3747.0,89,10,40925.0,0
3748.0,3,58,324271.0,0
3749.0,3,9,26970.0,0
3750.0,107,8,43257.0,0
3751.0,16,8,20344.0,0
3752.0,9,55,286388.0,0
3754.0,13,20,348584.0,0
3755.0,18,9,21642.0,0
3756.0,81,14,77671.0,0
3758.0,3,56,305324.0,0
3759.0,9,112,7545149.0,2
3760.0,2,45,224308.0,0
3761.0,10,13,62926.0,0
3762.0,136,26,63296.0,0
3763.0,204,6,15650.0,0
3764.0,366,8,34814.0,0
3765.0,12,16,216890.0,0
3766.0,20,10,40327.0,0
3767.0,10,20,91128.0,0
3768.0,41,29,54634.0,0
3769.0,9,16,116949.0,0
3770.0,10,17,76640.0,0
3771.0,20,49,246053.0,0
3772.0,13,7,46897.0,0
3773.0,20,17,95431.0,0
3774.0,20,4,15756.0,0
3775.0,13,38,222551.0,0
3776.0,12,40,202938.0,0
3777.0,44,30,95263.0,0
3778.0,81,9,30130.0,0
3779.0,81,10,70260.0,0
3780.0,4,36,179777.0,0
3781.0,10,17,50163.0,0
3782.0,264,9,49484.0,0
3783.0,59,17,56580.0,0
3784.0,1,42,248262.0,0
3785.0,2,65,453591.0,0
3786.0,16,8,46069.0,0
3787.0,39,15,62453.0,0
3788.0,359,7,31214.0,0
3789.0,81,9,42378.0,0
3790.0,231,9,92281.0,0
3791.0,26,5,114734.0,0
3792.0,45,9,36953.0,0
3793.0,9,17,88424.0,0
3794.0,3,18,79670.0,0
3795.0,15,46,353237.0,0
3796.0,43,20,145928.0,0
3797.0,81,11,37124.0,0
3798.0,18,20,76044.0,0
3799.0,17,9,53444.0,0
3800.0,10,16,790109.0,4
3801.0,25,8,42820.0,0
3802.0,3,236,12319439.0,1
3803.0,12,54,440360.0,0
3804.0,163,4,65128.0,0
3805.0,12,10,26851.0,0
3806.0,9,35,76076.0,0
3807.0,15,38,99181.0,0
3808.0,48,6,21042.0,0
3809.0,20,46,248779.0,0
3810.0,54,10,74205.0,0
3811.0,9,21,97789.0,0
3812.0,2,32,155533.0,0
3813.0,20,13,110200.0,0
3814.0,362,6,18656.0,0
3815.0,360,6,46602.0,0
3816.0,5,18,129799.0,0
3817.0,15,27,111240.0,0
3818.0,2,62,465715.0,0
3819.0,2,79,315213.0,0
3820.0,14,8,37230.0,0
3821.0,54,7,27219.0,0
3822.0,47,6,24302.0,0
3823.0,180,2,8084.0,0
3824.0,9,19,126330.0,0
3825.0,27,5,18342.0,0
3826.0,25,15,68666.0,0
3827.0,270,10,23474.0,0
3828.0,50,10,82660.0,0
3829.0,495,2,-1199.0,0
3830.0,45,12,-21926.0,0
3831.0,26,6,25926.0,0
3832.0,16,18,30599.0,0
3833.0,360,10,38054.0,0
3834.0,65,21,127033.0,0
3835.0,12,1,25632.0,0
3836.0,2,37,295511.0,0
3837.0,19,20,66667.0,0
3838.0,206,5,22664.0,0
3839.0,20,21,66002.0,0
3840.0,13,21,115861.0,0
3841.0,20,10,24248.0,0
3842.0,12,39,153889.0,0
3843.0,25,25,52998.0,0
3844.0,26,20,114667.0,0
3845.0,8,74,541255.0,0
3846.0,19,10,42548.0,0
3847.0,17,32,194425.0,0
3848.0,81,11,27628.0,0
3849.0,9,17,50087.0,0
3850.0,244,4,22712.0,0
3851.0,14,155,442293.0,0
3852.0,45,6,14358.0,0
3853.0,6,21,55165.0,0
3854.0,79,13,25201.0,0
3855.0,1,103,1389312.0,4
3856.0,237,9,24992.0,0
3857.0,8,14,147542.0,0
3858.0,19,40,195492.0,0
3859.0,102,15,156106.0,0
3860.0,10,39,322560.0,0
3861.0,3,29,185690.0,0
3862.0,12,56,276390.0,0
3863.0,4,51,542473.0,0
3864.0,86,16,123126.0,0
3865.0,9,20,51622.0,0
3866.0,10,66,486410.0,0
3867.0,15,10,250461.0,0
3868.0,20,7,20562.0,0
3869.0,240,6,18499.0,0
3870.0,3,59,709606.0,4
3871.0,53,8,43922.0,0
3872.0,15,20,40635.0,0
3873.0,9,10,30092.0,0
3874.0,18,38,145851.0,0
3875.0,8,119,520010.0,0
3876.0,11,57,293193.0,0
3877.0,18,95,565232.0,0
3878.0,58,10,50586.0,0
3879.0,76,12,40075.0,0
3880.0,183,3,68672.0,0
3881.0,6,26,111199.0,0
3882.0,79,10,28476.0,0
3883.0,10,3,9600.0,0
3884.0,22,21,159048.0,0
3885.0,9,10,68301.0,0
3886.0,15,19,117884.0,0
3887.0,20,39,270048.0,0
3888.0,83,4,10681.0,0
3889.0,6,54,254556.0,0
3890.0,174,12,59408.0,0
3891.0,2,22,68693.0,0
3892.0,9,36,161258.0,0
3893.0,9,74,279899.0,0
3894.0,20,13,37062.0,0
3895.0,32,17,70043.0,0
3896.0,78,5,15066.0,0
3897.0,87,4,73764.0,0
3898.0,120,18,96992.0,0
3899.0,403,7,14194.0,0
3900.0,2,74,372880.0,0
3901.0,15,28,116762.0,0
3902.0,10,5,14801.0,0
3903.0,10,30,206602.0,0
3904.0,142,10,107078.0,0
3905.0,23,6,22350.0,0
3906.0,9,81,544090.0,0
3907.0,9,96,599321.0,0
3908.0,9,23,163383.0,0
3909.0,17,9,13290.0,0
3910.0,18,53,293427.0,0
3911.0,12,35,239199.0,0
3912.0,20,17,89052.0,0
3913.0,10,73,368287.0,0
3914.0,142,10,25600.0,0
3915.0,26,52,222895.0,0
3916.0,15,18,90555.0,0
3917.0,5,10,103668.0,0
3918.0,10,38,255356.0,0
3919.0,2,10,40044.0,0
3920.0,12,41,434140.0,0
3921.0,198,7,26042.0,0
3922.0,20,31,158482.0,0
3923.0,18,23,392932.0,0
3924.0,2,58,240673.0,0
3925.0,81,14,93470.0,0
3926.0,2,226,2432157.0,4
3927.0,5,37,188788.0,0
3928.0,2,137,2147972.0,4
3929.0,264,7,37982.0,0
3930.0,55,14,226647.0,0
3931.0,25,5,24248.0,0
3932.0,16,53,322243.0,0
3933.0,50,7,32961.0,0
3934.0,20,44,406613.0,0
3935.0,8,49,704126.0,4
3936.0,9,85,560430.0,0
3937.0,360,12,35218.0,0
3938.0,12,26,101088.0,0
3939.0,143,8,33760.0,0
3940.0,142,8,37494.0,0
3941.0,103,16,116128.0,0
3942.0,13,58,312715.0,0
3943.0,237,8,39956.0,0
3944.0,265,6,17985.0,0
3945.0,11,42,305113.0,0
3946.0,46,8,47314.0,0
3947.0,9,38,245808.0,0
3948.0,9,27,106784.0,0
3949.0,174,14,110221.0,0
3950.0,5,63,224981.0,0
3951.0,5,93,1226964.0,4
3952.0,75,4,22980.0,0
3953.0,14,16,31905.0,0
3954.0,173,6,14389.0,0
3955.0,20,13,52949.0,0
3956.0,50,10,65645.0,0
3957.0,321,6,19482.0,0
3958.0,205,1,39552.0,0
3959.0,9,75,706483.0,4
3960.0,234,4,16279.0,0
3961.0,9,112,665927.0,4
3962.0,27,26,153292.0,0
3963.0,11,38,305960.0,0
3964.0,45,9,363126.0,0
3965.0,59,22,114791.0,0
3966.0,16,96,443115.0,0
3967.0,20,11,141420.0,0
3968.0,5,31,358137.0,0
3969.0,4,107,717407.0,4
3970.0,12,35,105655.0,0
3971.0,373,9,34924.0,0
3972.0,39,18,92279.0,0
3973.0,54,23,94571.0,0
3974.0,3,172,1741880.0,4
3975.0,37,11,45730.0,0
3976.0,59,9,20859.0,0
3977.0,17,28,241336.0,0
3978.0,10,36,328133.0,0
3979.0,19,10,40499.0,0
3980.0,4,52,415866.0,0
3981.0,235,5,11351.0,0
3982.0,121,2,6396.0,0
3983.0,169,15,83694.0,0
3984.0,6,73,376828.0,0
3985.0,363,1,18048.0,0
3986.0,1,38,273660.0,0
3987.0,2,229,724309.0,4
3988.0,13,60,449940.0,0
3989.0,20,17,126491.0,0
3990.0,22,16,40530.0,0
3991.0,9,8,87961.0,0
3992.0,266,1,1800.0,0
3993.0,51,18,101270.0,0
3994.0,13,26,43617.0,0
3995.0,20,9,34882.0,0
3996.0,9,28,281793.0,0
3997.0,9,76,485764.0,0
3998.0,17,23,127685.0,0
3999.0,57,19,42435.0,0
4000.0,20,10,21215.0,0
4001.0,11,39,151230.0,0
4002.0,138,3,8400.0,0
4003.0,25,30,93980.0,0
4004.0,22,30,84891.0,0
4005.0,13,8,20827.0,0
4006.0,16,20,46934.0,0
4007.0,54,7,16780.0,0
4008.0,86,19,36660.0,0
4009.0,18,34,240653.0,0
4010.0,103,4,119191.0,0
4011.0,17,9,27096.0,0
4012.0,10,80,242911.0,0
4013.0,31,5,12933.0,0
4014.0,26,10,46409.0,0
4015.0,180,17,54095.0,0
4016.0,19,31,78482.0,0
4017.0,14,19,100470.0,0
4018.0,16,76,398166.0,0
4019.0,9,53,159222.0,0
4020.0,83,25,160585.0,0
4021.0,82,6,59569.0,0
4022.0,20,10,93687.0,0
4023.0,12,36,614411.0,4
4024.0,5,227,957706.0,4
4025.0,20,31,92923.0,0
4026.0,10,41,210536.0,0
4027.0,10,14,5190.0,0
4028.0,5,15,42564.0,0
4029.0,81,31,425313.0,0
4030.0,44,5,-2624.0,0
4031.0,53,7,57648.0,0
4032.0,6,30,261362.0,0
4033.0,14,35,142742.0,0
4034.0,299,10,109640.0,0
4035.0,3,15,44025.0,0
4036.0,9,2,4116.0,0
4037.0,50,10,25546.0,0
4038.0,3,25,53399.0,0
4039.0,50,9,14644.0,0
4040.0,10,59,180694.0,0
4041.0,11,44,315141.0,0
4042.0,50,10,45910.0,0
4043.0,2,375,5152099.0,2
4044.0,18,10,24489.0,0
4045.0,111,4,8056.0,0
4047.0,46,33,113776.0,0
4048.0,19,20,69052.0,0
4049.0,18,19,616357.0,4
4050.0,20,10,14109.0,0
4051.0,14,9,35090.0,0
4052.0,373,9,28636.0,0
4053.0,6,13,191145.0,0
4054.0,9,29,1379646.0,4
4055.0,6,73,676906.0,4
4056.0,18,9,21605.0,0
4057.0,369,10,29949.0,0
4058.0,4,55,296582.0,0
4059.0,324,8,38352.0,0
4060.0,10,56,461480.0,0
4061.0,11,26,102530.0,0
4062.0,9,132,1317359.0,4
4063.0,143,7,43183.0,0
4064.0,9,18,151351.0,0
4065.0,16,27,48614.0,0
4066.0,3,76,256333.0,0
4067.0,205,8,24648.0,0
4068.0,14,30,208264.0,0
4069.0,14,17,76464.0,0
4070.0,173,7,29911.0,0
4071.0,50,10,58412.0,0
4072.0,174,5,20151.0,0
4073.0,367,8,63664.0,0
4074.0,18,6,15741.0,0
4075.0,4,37,87399.0,0
4076.0,4,30,112751.0,0
4077.0,20,10,27487.0,0
4078.0,9,27,111110.0,0
4079.0,42,7,12435.0,0
4080.0,10,40,92893.0,0
4081.0,214,12,25513.0,0
4082.0,323,20,81596.0,0
4083.0,74,10,38051.0,0
4084.0,13,12,32656.0,0
4085.0,137,8,23059.0,0
4086.0,11,58,130755.0,0
4087.0,50,7,16803.0,0
4088.0,25,2,41760.0,0
4089.0,173,26,65730.0,0
4090.0,86,16,24612.0,0
4091.0,13,10,24860.0,0
4092.0,14,10,2101.0,0
4093.0,9,9,12220.0,0
4094.0,22,10,21381.0,0
4095.0,13,17,97413.0,0
4096.0,16,9,8578.0,0
4097.0,403,10,33007.0,0
4098.0,69,10,50843.0,0
4099.0,79,16,38376.0,0
4100.0,59,19,59663.0,0
4101.0,4,10,52241.0,0
4102.0,50,28,43080.0,0
4103.0,89,9,174132.0,0
4104.0,5,124,532472.0,0
4105.0,10,39,101555.0,0
4106.0,17,1,21600.0,0
4107.0,3,27,346015.0,0
4108.0,434,1,28584.0,0
4109.0,134,15,57814.0,0
4110.0,46,13,22086.0,0
4111.0,119,6,87088.0,0
4112.0,9,24,242971.0,0
4113.0,138,17,56352.0,0
4114.0,9,27,166990.0,0
4115.0,57,9,98247.0,0
4116.0,142,9,17364.0,0
4117.0,6,10,50415.0,0
4118.0,9,25,519784.0,0
4119.0,43,7,12599.0,0
4120.0,18,16,529598.0,0
4121.0,103,2,38976.0,0
4122.0,252,1,10948.0,0
4123.0,234,12,19263.0,0
4124.0,70,6,27772.0,0
4125.0,148,1,43632.0,0
4126.0,15,30,1450852.0,4
4127.0,81,20,65630.0,0
4128.0,70,14,123680.0,0
4129.0,6,100,329643.0,0
4130.0,15,10,76010.0,0
4131.0,250,1,1339.0,0
4132.0,10,9,27737.0,0
4133.0,117,5,54596.0,0
4134.0,173,10,9646.0,0
4135.0,14,117,159439.0,0
4136.0,143,10,16813.0,0
4137.0,9,19,59530.0,0
4138.0,9,102,337614.0,0
4139.0,13,21,223798.0,0
4140.0,372,10,15607.0,0
4141.0,403,10,35406.0,0
4142.0,173,10,26572.0,0
4143.0,212,9,91655.0,0
4144.0,242,10,15456.0,0
4145.0,52,8,42050.0,0
4146.0,15,29,96525.0,0
4147.0,10,110,527431.0,0
4148.0,373,10,40567.0,0
4149.0,9,10,48845.0,0
4150.0,366,8,43618.0,0
4151.0,9,29,91963.0,0
4152.0,166,18,126434.0,0
4153.0,146,10,19817.0,0
4154.0,23,8,72051.0,0
4155.0,66,1,2580.0,0
4156.0,14,8,32105.0,0
4157.0,20,25,21465.0,0
4158.0,237,18,82070.0,0
4159.0,168,4,10042.0,0
4160.0,14,28,86595.0,0
4161.0,47,2,20327.0,0
4162.0,11,60,275497.0,0
4163.0,9,20,50431.0,0
4164.0,20,16,65468.0,0
4165.0,363,10,20425.0,0
4166.0,4,17,29991.0,0
4167.0,24,10,49659.0,0
4168.0,71,22,276938.0,0
4169.0,236,10,32085.0,0
4170.0,169,6,21562.0,0
4171.0,403,10,13417.0,0
4172.0,13,8,31322.0,0
4173.0,29,8,19864.0,0
4174.0,5,10,19647.0,0
4175.0,9,45,192840.0,0
4176.0,88,3,71200.0,0
4177.0,111,12,14122.0,0
4178.0,52,4,4221.0,0
4179.0,9,10,106879.0,0
4180.0,13,8,48809.0,0
4181.0,11,9,14054.0,0
4182.0,6,10,25714.0,0
4183.0,337,4,9834.0,0
4184.0,10,10,17244.0,0
4185.0,22,10,67346.0,0
4186.0,9,17,102388.0,0
4187.0,16,27,52086.0,0
4188.0,77,14,8013.0,0
4189.0,21,12,45323.0,0
4190.0,15,144,604176.0,0
4191.0,54,4,17526.0,0
4192.0,25,30,70219.0,0
4193.0,5,65,255209.0,0
4194.0,50,10,27159.0,0
4195.0,205,5,22128.0,0
4196.0,360,4,9554.0,0
4197.0,10,9,41770.0,0
4198.0,8,87,807091.0,4
4199.0,200,7,48944.0,0
4200.0,130,3,19696.0,0
4201.0,25,14,44052.0,0
4202.0,13,43,262679.0,0
4203.0,15,17,92791.0,0
4204.0,134,5,100126.0,0
4205.0,6,54,292298.0,0
4206.0,82,9,37070.0,0
4207.0,50,9,48945.0,0
4208.0,320,1,10716.0,0
4209.0,27,50,274006.0,0
4210.0,199,17,54812.0,0
4211.0,13,18,3432.0,0
4212.0,42,48,551439.0,0
4213.0,403,6,59355.0,0
4214.0,10,78,326306.0,0
4215.0,9,98,359266.0,0
4216.0,15,15,39746.0,0
4217.0,12,30,762292.0,4
4218.0,23,1,59592.0,0
4219.0,39,12,44410.0,0
4220.0,26,10,98389.0,0
4221.0,18,2,17772.0,0
4222.0,331,16,77731.0,0
4223.0,17,5,15220.0,0
4224.0,152,3,-14052.0,0
4225.0,10,10,23326.0,0
4226.0,4,60,1092102.0,4
4227.0,18,19,271296.0,0
4228.0,15,36,397510.0,0
4229.0,19,14,76805.0,0
4230.0,10,26,124422.0,0
4231.0,8,41,347407.0,0
4232.0,12,9,22579.0,0
4233.0,20,18,26205.0,0
4234.0,3,94,10654918.0,1
4235.0,9,10,93386.0,0
4236.0,9,9,13474.0,0
4237.0,330,10,49084.0,0
4238.0,107,7,29891.0,0
4239.0,2,190,1009004.0,4
4240.0,20,10,23760.0,0
4241.0,20,15,46376.0,0
4242.0,434,1,10080.0,0
4243.0,261,9,24197.0,0
4244.0,10,61,178366.0,0
4245.0,26,10,61774.0,0
4246.0,9,206,708724.0,4
4247.0,368,10,22364.0,0
4248.0,15,9,13030.0,0
4249.0,13,11,92731.0,0
4250.0,9,59,244954.0,0
4251.0,9,15,88386.0,0
4252.0,9,40,147560.0,0
4253.0,10,10,27709.0,0
4254.0,20,15,43601.0,0
4255.0,46,8,13871.0,0
4256.0,9,29,143249.0,0
4258.0,9,15,79473.0,0
4259.0,66,22,95396.0,0
4260.0,297,6,17888.0,0
4261.0,20,11,1145182.0,4
4262.0,369,1,-4476.0,0
4263.0,13,13,162856.0,0
4264.0,117,19,126415.0,0
4265.0,8,37,372376.0,0
4266.0,20,38,418853.0,0
4267.0,15,9,25569.0,0
4268.0,53,6,27904.0,0
4269.0,15,10,76835.0,0
4270.0,9,20,73054.0,0
4271.0,142,19,80538.0,0
4272.0,4,12,55462.0,0
4273.0,82,20,48381.0,0
4274.0,20,20,89448.0,0
4275.0,69,16,65272.0,0
4276.0,18,9,59479.0,0
4277.0,58,19,78931.0,0
4278.0,10,39,205612.0,0
4279.0,9,10,48395.0,0
4280.0,179,6,41252.0,0
4281.0,9,27,152761.0,0
4282.0,18,52,146333.0,0
4283.0,10,6,24160.0,0
4284.0,9,21,116519.0,0
4285.0,19,38,144081.0,0
4286.0,9,84,892248.0,4
4287.0,17,20,276968.0,0
4288.0,99,1,14750.0,0
4289.0,356,10,55805.0,0
4290.0,9,42,165550.0,0
4291.0,12,41,210656.0,0
4292.0,19,41,252565.0,0
4293.0,5,48,265717.0,0
4294.0,25,10,44778.0,0
4295.0,47,22,84323.0,0
4296.0,25,1,6360.0,0
4297.0,16,9,37002.0,0
4298.0,20,28,267625.0,0
4299.0,81,20,133366.0,0
4300.0,105,11,35658.0,0
4301.0,264,6,29204.0,0
4302.0,81,10,111989.0,0
4303.0,151,9,26453.0,0
4304.0,84,5,123776.0,0
4305.0,11,20,90208.0,0
4306.0,5,94,757913.0,4
4307.0,111,10,23267.0,0
4308.0,48,20,168488.0,0
4309.0,13,9,18270.0,0
4310.0,75,30,258240.0,0
4311.0,9,16,58936.0,0
4312.0,9,5,16132.0,0
4313.0,2,42,333049.0,0
4314.0,17,24,77159.0,0
4315.0,327,10,29359.0,0
4316.0,237,7,34683.0,0
4317.0,11,7,35362.0,0
4318.0,9,9,57308.0,0
4319.0,9,15,87133.0,0
4320.0,17,17,86908.0,0
4321.0,6,62,253948.0,0
4322.0,220,4,56664.0,0
4323.0,10,41,147361.0,0
4324.0,11,8,59082.0,0
4325.0,5,120,779077.0,4
4326.0,265,7,19065.0,0
4327.0,5,98,694553.0,4
4328.0,12,101,695207.0,4
4329.0,76,4,10369.0,0
4330.0,52,19,90856.0,0
4331.0,11,117,850894.0,4
4332.0,9,54,340213.0,0
4333.0,75,39,244230.0,0
4334.0,14,25,73258.0,0
4335.0,334,1,44172.0,0
4336.0,15,27,259102.0,0
4337.0,12,35,107479.0,0
4338.0,3,33,131110.0,0
4339.0,15,35,201305.0,0
4340.0,50,5,51618.0,0
4341.0,12,63,254672.0,0
4342.0,81,24,268376.0,0
4343.0,8,49,343731.0,0
4344.0,32,4,67870.0,0
4345.0,12,19,98337.0,0
4346.0,20,3,14880.0,0
4347.0,48,9,42450.0,0
4348.0,88,9,693336.0,4
4349.0,51,12,64097.0,0
4350.0,90,5,13054.0,0
4351.0,361,3,-8769.0,0
4352.0,10,55,277997.0,0
4353.0,25,21,274078.0,0
4354.0,49,55,328510.0,0
4355.0,50,12,39209.0,0
4356.0,142,6,21484.0,0
4357.0,13,28,199329.0,0
4358.0,13,16,97001.0,0
4359.0,226,2,96.0,0
4360.0,366,6,18444.0,0
4361.0,39,10,29440.0,0
4362.0,3,60,413270.0,0
4363.0,69,3,26980.0,0
4364.0,20,15,292.0,0
4365.0,23,9,43069.0,0
4366.0,59,8,12837.0,0
4367.0,82,7,20462.0,0
4368.0,17,7,20480.0,0
4369.0,181,6,10774.0,0
4370.0,12,11,24962.0,0
4371.0,4,132,280608.0,0
4372.0,51,23,262820.0,0
